<metadata xml:lang="en"><Esri><CreaDate>20210222</CreaDate><CreaTime>14321000</CreaTime><SyncOnce>FALSE</SyncOnce><SyncDate>20220728</SyncDate><SyncTime>12340900</SyncTime><ModDate>20220728</ModDate><ModTime>12340900</ModTime><DataProperties><itemProps><itemLocation><linkage Sync="TRUE">file://\\Tumamoc\Programs\Environmental\Water\CIENEGA\walkthru\2022-03\Processed\ccflow0322_all.shp</linkage><protocol Sync="TRUE">Local Area Network</protocol></itemLocation><itemName Sync="TRUE">ccflow0322_all</itemName><imsContentType Sync="TRUE">002</imsContentType><itemSize Sync="TRUE">0.000</itemSize></itemProps><copyHistory><copy source="\\PAG-FILES\Data\Programs\Environmental\Water\CIENEGA\walkthru\Manny\ccflowmmyy" dest="\\PAG-FILES\Data\Programs\Environmental\Water\CIENEGA\walkthru\walkthroughblanks\ccflowmmyyCopy" date="20190321" time="13522100"></copy></copyHistory><coordRef><type Sync="TRUE">Projected</type><geogcsn Sync="TRUE">GCS_North_American_1983</geogcsn><csUnits Sync="TRUE">Linear Unit: Foot_US (0.304801)</csUnits><projcsn Sync="TRUE">NAD_1983_StatePlane_Arizona_Central_FIPS_0202_Feet</projcsn><peXml Sync="TRUE">&lt;ProjectedCoordinateSystem xsi:type='typens:ProjectedCoordinateSystem' xmlns:xsi='http://www.w3.org/2001/XMLSchema-instance' xmlns:xs='http://www.w3.org/2001/XMLSchema' xmlns:typens='http://www.esri.com/schemas/ArcGIS/10.7'&gt;&lt;WKT&gt;PROJCS[&amp;quot;NAD_1983_StatePlane_Arizona_Central_FIPS_0202_Feet&amp;quot;,GEOGCS[&amp;quot;GCS_North_American_1983&amp;quot;,DATUM[&amp;quot;D_North_American_1983&amp;quot;,SPHEROID[&amp;quot;GRS_1980&amp;quot;,6378137.0,298.257222101]],PRIMEM[&amp;quot;Greenwich&amp;quot;,0.0],UNIT[&amp;quot;Degree&amp;quot;,0.0174532925199433]],PROJECTION[&amp;quot;Transverse_Mercator&amp;quot;],PARAMETER[&amp;quot;False_Easting&amp;quot;,699998.6],PARAMETER[&amp;quot;False_Northing&amp;quot;,0.0],PARAMETER[&amp;quot;Central_Meridian&amp;quot;,-111.9166666666667],PARAMETER[&amp;quot;Scale_Factor&amp;quot;,0.9999],PARAMETER[&amp;quot;Latitude_Of_Origin&amp;quot;,31.0],UNIT[&amp;quot;Foot_US&amp;quot;,0.3048006096012192],AUTHORITY[&amp;quot;Esri&amp;quot;,102649]]&lt;/WKT&gt;&lt;XOrigin&gt;-17746700&lt;/XOrigin&gt;&lt;YOrigin&gt;-44067200&lt;/YOrigin&gt;&lt;XYScale&gt;137255279.03396165&lt;/XYScale&gt;&lt;ZOrigin&gt;-100000&lt;/ZOrigin&gt;&lt;ZScale&gt;10000&lt;/ZScale&gt;&lt;MOrigin&gt;-100000&lt;/MOrigin&gt;&lt;MScale&gt;10000&lt;/MScale&gt;&lt;XYTolerance&gt;0.0032808333333333331&lt;/XYTolerance&gt;&lt;ZTolerance&gt;0.001&lt;/ZTolerance&gt;&lt;MTolerance&gt;0.001&lt;/MTolerance&gt;&lt;HighPrecision&gt;true&lt;/HighPrecision&gt;&lt;WKID&gt;102649&lt;/WKID&gt;&lt;LatestWKID&gt;102649&lt;/LatestWKID&gt;&lt;/ProjectedCoordinateSystem&gt;</peXml></coordRef><lineage><Process ToolSource="c:\program files\arcgis\pro\Resources\ArcToolbox\toolboxes\Conversion Tools.tbx\FeatureClassToFeatureClass" Date="20191031" Time="110025">FeatureClassToFeatureClass ccflowmmyy \\PAG-FILES\Data\Programs\Environmental\Water\CIENEGA\walkthru\CienegaWalkthrough_Template\CienegaWalkthrough_Template.gdb CienegaCreek_YYYYMM # "ReachName "ReachName" true true false 25 Text 0 0,First,#,ccflowmmyy,ReachName,0,25;Length "Length" true true false 9 Long 0 9,First,#,ccflowmmyy,Length,-1,-1;FLOW "FLOW" true true false 10 Text 0 0,First,#,ccflowmmyy,FLOW,0,10;FROGS "FROGS" true true false 10 Text 0 0,First,#,ccflowmmyy,FROGS,0,10;FISH "FISH" true true false 10 Text 0 0,First,#,ccflowmmyy,FISH,0,10;NOTES "NOTES" true true false 100 Text 0 0,First,#,ccflowmmyy,NOTES,0,100" #</Process><Process ToolSource="c:\program files\arcgis\pro\Resources\ArcToolbox\toolboxes\Data Management Tools.tbx\DeleteField" Date="20191031" Time="110733">DeleteField CienegaCreek_YYYYMM Length</Process><Process ToolSource="c:\program files\arcgis\pro\Resources\ArcToolbox\toolboxes\Data Management Tools.tbx\UpdateSchema" Date="20191031" Time="110918">UpdateSchema "CIMDATA=&lt;CIMStandardDataConnection xsi:type='typens:CIMStandardDataConnection' xmlns:xsi='http://www.w3.org/2001/XMLSchema-instance' xmlns:xs='http://www.w3.org/2001/XMLSchema' xmlns:typens='http://www.esri.com/schemas/ArcGIS/2.4.0'&gt;&lt;WorkspaceConnectionString&gt;DATABASE=\\PAG-FILES\Data\Programs\Environmental\Water\CIENEGA\walkthru\CienegaWalkthrough_Template\CienegaWalkthrough_Template.gdb&lt;/WorkspaceConnectionString&gt;&lt;WorkspaceFactory&gt;FileGDB&lt;/WorkspaceFactory&gt;&lt;Dataset&gt;CienegaCreek_YYYYMM&lt;/Dataset&gt;&lt;DatasetType&gt;esriDTFeatureClass&lt;/DatasetType&gt;&lt;/CIMStandardDataConnection&gt;" &lt;operationSequence&gt;&lt;workflow&gt;&lt;AssignDomainToField&gt;&lt;field_name&gt;FLOW&lt;/field_name&gt;&lt;domain_name&gt;IsFlow&lt;/domain_name&gt;&lt;/AssignDomainToField&gt;&lt;/workflow&gt;&lt;workflow&gt;&lt;AssignDomainToField&gt;&lt;field_name&gt;FROGS&lt;/field_name&gt;&lt;domain_name&gt;PresenceAbsence&lt;/domain_name&gt;&lt;/AssignDomainToField&gt;&lt;/workflow&gt;&lt;workflow&gt;&lt;AssignDomainToField&gt;&lt;field_name&gt;FISH&lt;/field_name&gt;&lt;domain_name&gt;PresenceAbsence&lt;/domain_name&gt;&lt;/AssignDomainToField&gt;&lt;/workflow&gt;&lt;workflow&gt;&lt;AlterField&gt;&lt;field_name&gt;NOTES&lt;/field_name&gt;&lt;field_type&gt;TEXT&lt;/field_type&gt;&lt;field_length&gt;255&lt;/field_length&gt;&lt;field_is_nullable&gt;True&lt;/field_is_nullable&gt;&lt;clear_field_alias&gt;False&lt;/clear_field_alias&gt;&lt;/AlterField&gt;&lt;/workflow&gt;&lt;/operationSequence&gt;</Process><Process ToolSource="c:\program files\arcgis\pro\Resources\ArcToolbox\toolboxes\Data Management Tools.tbx\UpdateSchema" Date="20191031" Time="110930">UpdateSchema "CIMDATA=&lt;CIMStandardDataConnection xsi:type='typens:CIMStandardDataConnection' xmlns:xsi='http://www.w3.org/2001/XMLSchema-instance' xmlns:xs='http://www.w3.org/2001/XMLSchema' xmlns:typens='http://www.esri.com/schemas/ArcGIS/2.4.0'&gt;&lt;WorkspaceConnectionString&gt;DATABASE=\\PAG-FILES\Data\Programs\Environmental\Water\CIENEGA\walkthru\CienegaWalkthrough_Template\CienegaWalkthrough_Template.gdb&lt;/WorkspaceConnectionString&gt;&lt;WorkspaceFactory&gt;FileGDB&lt;/WorkspaceFactory&gt;&lt;Dataset&gt;CienegaCreek_YYYYMM&lt;/Dataset&gt;&lt;DatasetType&gt;esriDTFeatureClass&lt;/DatasetType&gt;&lt;/CIMStandardDataConnection&gt;" &lt;operationSequence&gt;&lt;workflow&gt;&lt;AssignDefaultToField&gt;&lt;field_name&gt;FLOW&lt;/field_name&gt;&lt;default_value&gt;No&lt;/default_value&gt;&lt;/AssignDefaultToField&gt;&lt;/workflow&gt;&lt;workflow&gt;&lt;AssignDefaultToField&gt;&lt;field_name&gt;FROGS&lt;/field_name&gt;&lt;default_value&gt;No&lt;/default_value&gt;&lt;/AssignDefaultToField&gt;&lt;/workflow&gt;&lt;workflow&gt;&lt;AssignDefaultToField&gt;&lt;field_name&gt;FISH&lt;/field_name&gt;&lt;default_value&gt;No&lt;/default_value&gt;&lt;/AssignDefaultToField&gt;&lt;/workflow&gt;&lt;/operationSequence&gt;</Process><Process ToolSource="c:\program files\arcgis\pro\Resources\ArcToolbox\Toolboxes\Data Management Tools.tbx\CopyMultiple" Date="20210222" Time="143212">CopyMultiple "P:\Environmental\Water\CIENEGA\walkthru\2020-12\CienegaWalkthrough_Template.gdb\CienegaCreek_YYYYMM FeatureClass" P:\Environmental\Water\CIENEGA\walkthru\2020-12\CienegaWalkthrough_202012.gdb CienegaCreek_YYYYMM "CienegaCreek_YYYYMM FeatureClass CienegaCreek_YYYYMM #"</Process><Process ToolSource="c:\program files\arcgis\pro\Resources\ArcToolbox\Toolboxes\Data Management Tools.tbx\Rename" Date="20210222" Time="143239">Rename P:\Environmental\Water\CIENEGA\walkthru\2020-12\CienegaWalkthrough_202012.gdb\CienegaCreek_YYYYMM P:\Environmental\Water\CIENEGA\walkthru\2020-12\CienegaWalkthrough_202012.gdb\CienegaCreek_20201218 FeatureClass</Process><Process ToolSource="c:\program files\arcgis\pro\Resources\ArcToolbox\Toolboxes\Data Management Tools.tbx\Rename" Date="20210222" Time="143429">Rename P:\Environmental\Water\CIENEGA\walkthru\2020-12\CienegaWalkthrough_202012.gdb\CienegaCreek_20201218 P:\Environmental\Water\CIENEGA\walkthru\2020-12\CienegaWalkthrough_202012.gdb\CienegaCreek_202012 FeatureClass</Process><Process ToolSource="c:\program files\arcgis\pro\Resources\ArcToolbox\toolboxes\Data Management Tools.tbx\Rename" Date="20210414" Time="122330">Rename P:\Environmental\Water\CIENEGA\walkthru\CienegaWalkthrough_Template\CienegaWalkthrough_Template.gdb\CienegaCreek_202012 P:\Environmental\Water\CIENEGA\walkthru\CienegaWalkthrough_Template\CienegaWalkthrough_Template.gdb\CienegaCreek_YYYYMM FeatureClass</Process><Process ToolSource="c:\program files (x86)\arcgis\desktop10.7\ArcToolbox\Toolboxes\Conversion Tools.tbx\FeatureClassToFeatureClass" Date="20220728" Time="123416">FeatureClassToFeatureClass \\Tumamoc\Programs\Environmental\Water\CIENEGA\walkthru\2022-03\CienegaWalkthrough_Template.gdb\CienegaCreek_20220318 \\Tumamoc\Programs\Environmental\Water\CIENEGA\walkthru\2022-03\Processed ccflow0322_all.shp # "ReachName "ReachName" true true false 25 Text 0 0 ,First,#,\\Tumamoc\Programs\Environmental\Water\CIENEGA\walkthru\2022-03\CienegaWalkthrough_Template.gdb\CienegaCreek_20220318,ReachName,-1,-1;FLOW "FLOW" true true false 10 Text 0 0 ,First,#,\\Tumamoc\Programs\Environmental\Water\CIENEGA\walkthru\2022-03\CienegaWalkthrough_Template.gdb\CienegaCreek_20220318,FLOW,-1,-1;FROGS "FROGS" true true false 10 Text 0 0 ,First,#,\\Tumamoc\Programs\Environmental\Water\CIENEGA\walkthru\2022-03\CienegaWalkthrough_Template.gdb\CienegaCreek_20220318,FROGS,-1,-1;FISH "FISH" true true false 10 Text 0 0 ,First,#,\\Tumamoc\Programs\Environmental\Water\CIENEGA\walkthru\2022-03\CienegaWalkthrough_Template.gdb\CienegaCreek_20220318,FISH,-1,-1;NOTES "NOTES" true true false 255 Text 0 0 ,First,#,\\Tumamoc\Programs\Environmental\Water\CIENEGA\walkthru\2022-03\CienegaWalkthrough_Template.gdb\CienegaCreek_20220318,NOTES,-1,-1;Shape_Leng "Shape_Leng" false true true 8 Double 0 0 ,First,#,\\Tumamoc\Programs\Environmental\Water\CIENEGA\walkthru\2022-03\CienegaWalkthrough_Template.gdb\CienegaCreek_20220318,Shape_Length,-1,-1" #</Process></lineage></DataProperties><ArcGISstyle>Item Description</ArcGISstyle><ArcGISFormat>1.0</ArcGISFormat></Esri><idinfo><citation><citeinfo><onlink Sync="TRUE">\\Pag-fileserver\EQData\WATER\CIENEGA\walkthru\walkthroughblanks\ccflowmmyy.shp</onlink><origin>REQUIRED: The name of an organization or individual that developed the data set.</origin><pubdate>REQUIRED: The date when the data set is published or otherwise made available for release.</pubdate><title Sync="TRUE">ccflowmmyy</title><ftname Sync="TRUE">ccflowmmyy</ftname><geoform Sync="TRUE">vector digital data</geoform></citeinfo></citation><native Sync="TRUE">Microsoft Windows XP Version 5.1 (Build 2600) Service Pack 2; ESRI ArcCatalog 9.2.4.1420</native><descript><langdata Sync="TRUE">en</langdata><abstract>Rough Creek Line used as base for cutting wet dry reaches of Cienega Creek Walk Throughs.  This does not necesarily follow actual stream line accurately but does follow the incision of the creek.  Clipped  by matching GPS locations of where flow was seen above ground during quarterly walk throughs.</abstract><purpose>Used for editing to provide a consistant reference  for all past years.  The extents of surface flow were monitored by mapping the flows of Cienega Creek in the Preserve during walk-throughs. The walk-throughs were conducted on a quarterly basis during the months of September, December, March, and June.   The results were then digitized into a GIS by clipping the Cienega streamflow line to fit the flow start and end points.  </purpose></descript><timeperd><current>ground condition</current><timeinfo><sngdate><caldate>unknown</caldate></sngdate></timeinfo></timeperd><status><progress>In work</progress><update>Quarterly</update></status><spdom><bounding><westbc Sync="TRUE">-110.677475</westbc><eastbc Sync="TRUE">-110.579476</eastbc><northbc Sync="TRUE">32.036026</northbc><southbc Sync="TRUE">31.997010</southbc></bounding><lboundng><leftbc Sync="TRUE">1084151.255491</leftbc><rightbc Sync="TRUE">1114366.756003</rightbc><bottombc Sync="TRUE">365210.093750</bottombc><topbc Sync="TRUE">379046.062500</topbc></lboundng></spdom><keywords><theme><themekt>None</themekt><themekey>Cienega Creek</themekey><themekey>Stream Flow</themekey></theme></keywords><accconst>None</accconst><useconst>None</useconst><natvform Sync="TRUE">Shapefile</natvform><ptcontac><cntinfo><cntperp><cntorg>PAG</cntorg></cntperp></cntinfo></ptcontac></idinfo><distInfo><distributor><distorTran><onLineSrc><linkage Sync="TRUE">file://\\Pag-fileserver\EQData\WATER\CIENEGA\walkthru\walkthroughblanks\ccflowmmyy.shp</linkage><protocol Sync="TRUE">Local Area Network</protocol><orDesc Sync="TRUE">002</orDesc></onLineSrc><transSize Sync="TRUE">0.004</transSize></distorTran><distorFormat><formatName Sync="TRUE">Shapefile</formatName></distorFormat></distributor><distFormat><formatName Sync="TRUE">Shapefile</formatName></distFormat><distTranOps><transSize Sync="TRUE">0.000</transSize></distTranOps></distInfo><dataqual><lineage><procstep><procdesc>Dataset copied and clipped to Lower Cienega Creek from ADWR data.</procdesc><srcused Sync="TRUE">C:\cienega\monitoring sites\ccwalkthru</srcused><date Sync="TRUE">20060517</date><time Sync="TRUE">14512000</time></procstep><srcinfo><srccontr>This most likely originates from  ADWR state river lines or Pima County pclis data.</srccontr></srcinfo><procstep><procdesc Sync="TRUE">Metadata imported.</procdesc><srcused Sync="TRUE">G:\WATER\CIENEGA\gis\MonitorSites\ccwalkthru.shp.xml</srcused><date Sync="TRUE">20080206</date><time Sync="TRUE">11321500</time></procstep><procstep><procdesc>Further clipped by PAG to  mark wet/dry reaches.</procdesc></procstep></lineage></dataqual><dataIdInfo><envirDesc Sync="TRUE"> Version 6.2 (Build 9200) ; Esri ArcGIS 10.7.1.11595</envirDesc><dataLang><languageCode Sync="TRUE" value="eng"></languageCode><countryCode value="USA" Sync="TRUE"></countryCode></dataLang><idCitation><resTitle Sync="TRUE">ccflow0322_all</resTitle><presForm><PresFormCd Sync="TRUE" value="005"></PresFormCd></presForm></idCitation><spatRpType><SpatRepTypCd Sync="TRUE" value="001"></SpatRepTypCd></spatRpType><dataExt><geoEle><GeoBndBox esriExtentType="native"><westBL Sync="TRUE">1084151.255491</westBL><eastBL Sync="TRUE">1114366.756003</eastBL><northBL Sync="TRUE">379046.0625</northBL><southBL Sync="TRUE">365210.09375</southBL><exTypeCode Sync="TRUE">1</exTypeCode></GeoBndBox></geoEle></dataExt><geoBox esriExtentType="decdegrees"><westBL Sync="TRUE">-110.677475</westBL><eastBL Sync="TRUE">-110.579476</eastBL><northBL Sync="TRUE">32.036026</northBL><southBL Sync="TRUE">31.99701</southBL><exTypeCode Sync="TRUE">1</exTypeCode></geoBox></dataIdInfo><metainfo><langmeta Sync="TRUE">en</langmeta><metstdn Sync="TRUE">FGDC Content Standards for Digital Geospatial Metadata</metstdn><metstdv Sync="TRUE">FGDC-STD-001-1998</metstdv><mettc Sync="TRUE">local time</mettc><metc><cntinfo><cntorgp><cntper>Mead Mier</cntper><cntorg>PAG</cntorg></cntorgp><cntaddr><addrtype>REQUIRED: The mailing and/or physical address for the organization or individual.</addrtype><city>REQUIRED: The city of the address.</city><state>REQUIRED: The state or province of the address.</state><postal>REQUIRED: The ZIP or other postal code of the address.</postal></cntaddr><cntvoice>520-792-1093</cntvoice></cntinfo></metc><metd Sync="TRUE">20080206</metd></metainfo><mdLang><languageCode Sync="TRUE" value="eng"></languageCode><countryCode value="USA" Sync="TRUE"></countryCode></mdLang><mdStanName Sync="TRUE">ISO 19115 Geographic Information - Metadata</mdStanName><mdStanVer Sync="TRUE">DIS_ESRI1.0</mdStanVer><mdChar><CharSetCd Sync="TRUE" value="004"></CharSetCd></mdChar><mdHrLv><ScopeCd Sync="TRUE" value="005"></ScopeCd></mdHrLv><mdHrLvName Sync="TRUE">dataset</mdHrLvName><distinfo><resdesc Sync="TRUE">Downloadable Data</resdesc><stdorder><digform><digtinfo><transize Sync="TRUE">0.004</transize><dssize Sync="TRUE">0.004</dssize></digtinfo></digform></stdorder></distinfo><spdoinfo><direct Sync="TRUE">Vector</direct><ptvctinf><esriterm Name="ccflow0322_all"><efeatyp Sync="TRUE">Simple</efeatyp><efeageom code="3" Sync="TRUE"></efeageom><esritopo Sync="TRUE">FALSE</esritopo><efeacnt Sync="TRUE">0</efeacnt><spindex Sync="TRUE">FALSE</spindex><linrefer Sync="TRUE">FALSE</linrefer></esriterm></ptvctinf></spdoinfo><spref><horizsys><cordsysn><geogcsn Sync="TRUE">GCS_North_American_1983</geogcsn><projcsn Sync="TRUE">NAD_1983_StatePlane_Arizona_Central_FIPS_0202_Feet</projcsn></cordsysn><planar><planci><plance Sync="TRUE">coordinate pair</plance><plandu Sync="TRUE">survey feet</plandu><coordrep><absres Sync="TRUE">0.000000</absres><ordres Sync="TRUE">0.000000</ordres></coordrep></planci></planar><geodetic><horizdn Sync="TRUE">North American Datum of 1983</horizdn><ellips Sync="TRUE">Geodetic Reference System 80</ellips><semiaxis Sync="TRUE">6378137.000000</semiaxis><denflat Sync="TRUE">298.257222</denflat></geodetic></horizsys></spref><refSysInfo><RefSystem><refSysID><identCode Sync="TRUE" code="102649">NAD_1983_StatePlane_Arizona_Central_FIPS_0202_Feet</identCode><idCodeSpace Sync="TRUE">Esri</idCodeSpace><idVersion Sync="TRUE">8.0.1</idVersion></refSysID></RefSystem></refSysInfo><spatRepInfo><VectSpatRep><geometObjs Name="ccflow0322_all"><geoObjTyp><GeoObjTypCd value="002" Sync="TRUE"></GeoObjTypCd></geoObjTyp><geoObjCnt Sync="TRUE">0</geoObjCnt></geometObjs><topLvl><TopoLevCd value="001" Sync="TRUE"></TopoLevCd></topLvl></VectSpatRep></spatRepInfo><eainfo><detailed Name="ccflow0322_all"><enttyp><enttypl Sync="TRUE">ccflow0322_all</enttypl><enttypt Sync="TRUE">Feature Class</enttypt><enttypc Sync="TRUE">0</enttypc></enttyp><attr><attrlabl Sync="TRUE">FID</attrlabl><attalias Sync="TRUE">FID</attalias><attrtype Sync="TRUE">OID</attrtype><attwidth Sync="TRUE">4</attwidth><atprecis Sync="TRUE">0</atprecis><attscale Sync="TRUE">0</attscale><attrdef Sync="TRUE">Internal feature number.</attrdef><attrdefs Sync="TRUE">Esri</attrdefs><attrdomv><udom Sync="TRUE">Sequential unique whole numbers that are automatically generated.</udom></attrdomv></attr><attr><attrlabl Sync="TRUE">Shape</attrlabl><attalias Sync="TRUE">Shape</attalias><attrtype Sync="TRUE">Geometry</attrtype><attwidth Sync="TRUE">0</attwidth><attrdef Sync="TRUE">Feature geometry.</attrdef><attrdefs Sync="TRUE">ESRI</attrdefs><attrdomv><udom Sync="TRUE">Coordinates defining the features.</udom></attrdomv><atprecis Sync="TRUE">0</atprecis><attscale Sync="TRUE">0</attscale></attr><attr><attrlabl Sync="TRUE">ReachName</attrlabl><attalias Sync="TRUE">ReachName</attalias><attrtype Sync="TRUE">String</attrtype><attwidth Sync="TRUE">25</attwidth><atprecis Sync="TRUE">0</atprecis><attscale Sync="TRUE">0</attscale></attr><attr><attrlabl Sync="TRUE">FLOW</attrlabl><attalias Sync="TRUE">FLOW</attalias><attrtype Sync="TRUE">String</attrtype><attwidth Sync="TRUE">10</attwidth><atprecis Sync="TRUE">0</atprecis><attscale Sync="TRUE">0</attscale></attr><attr><attrlabl Sync="TRUE">FROGS</attrlabl><attalias Sync="TRUE">FROGS</attalias><attrtype Sync="TRUE">String</attrtype><attwidth Sync="TRUE">10</attwidth><atprecis Sync="TRUE">0</atprecis><attscale Sync="TRUE">0</attscale></attr><attr><attrlabl Sync="TRUE">FISH</attrlabl><attalias Sync="TRUE">FISH</attalias><attrtype Sync="TRUE">String</attrtype><attwidth Sync="TRUE">10</attwidth><atprecis Sync="TRUE">0</atprecis><attscale Sync="TRUE">0</attscale></attr><attr><attrlabl Sync="TRUE">Notes</attrlabl><attalias Sync="TRUE">NOTES</attalias><attrtype Sync="TRUE">String</attrtype><attwidth Sync="TRUE">254</attwidth><atprecis Sync="TRUE">0</atprecis><attscale Sync="TRUE">0</attscale></attr><attr><attrlabl Sync="TRUE">Shape_Leng</attrlabl><attalias Sync="TRUE">Shape_Leng</attalias><attrtype Sync="TRUE">Double</attrtype><attwidth Sync="TRUE">19</attwidth><atprecis Sync="TRUE">0</atprecis><attscale Sync="TRUE">0</attscale></attr></detailed></eainfo><mdDateSt Sync="TRUE">20220728</mdDateSt></metadata>
