<metadata xml:lang="en"><Esri><CreaDate>20211108</CreaDate><CreaTime>16591200</CreaTime><SyncOnce>FALSE</SyncOnce><SyncDate>20231221</SyncDate><SyncTime>09550300</SyncTime><ModDate>20231221</ModDate><ModTime>09550300</ModTime><ArcGISFormat>1.0</ArcGISFormat><DataProperties><itemProps><itemLocation><linkage Sync="TRUE">file://\\Tumamoc\programs\Environmental\Water\CIENEGA\walkthru\2023-03\Processed\ccflowpastdam0323_all.shp</linkage><protocol Sync="TRUE">Local Area Network</protocol></itemLocation><itemName Sync="TRUE">ccflowpastdam0323_all</itemName><imsContentType Sync="TRUE">002</imsContentType><itemSize Sync="TRUE">0.000</itemSize></itemProps><coordRef><type Sync="TRUE">Geographic</type><geogcsn Sync="TRUE">GCS_North_American_1983</geogcsn><csUnits Sync="TRUE">Angular Unit: Degree (0.017453)</csUnits><peXml Sync="TRUE">&lt;GeographicCoordinateSystem xsi:type='typens:GeographicCoordinateSystem' xmlns:xsi='http://www.w3.org/2001/XMLSchema-instance' xmlns:xs='http://www.w3.org/2001/XMLSchema' xmlns:typens='http://www.esri.com/schemas/ArcGIS/10.8'&gt;&lt;WKT&gt;GEOGCS[&amp;quot;GCS_North_American_1983&amp;quot;,DATUM[&amp;quot;D_North_American_1983&amp;quot;,SPHEROID[&amp;quot;GRS_1980&amp;quot;,6378137.0,298.257222101]],PRIMEM[&amp;quot;Greenwich&amp;quot;,0.0],UNIT[&amp;quot;Degree&amp;quot;,0.0174532925199433],AUTHORITY[&amp;quot;EPSG&amp;quot;,4269]]&lt;/WKT&gt;&lt;XOrigin&gt;-400&lt;/XOrigin&gt;&lt;YOrigin&gt;-400&lt;/YOrigin&gt;&lt;XYScale&gt;11258999068426.238&lt;/XYScale&gt;&lt;ZOrigin&gt;-100000&lt;/ZOrigin&gt;&lt;ZScale&gt;10000&lt;/ZScale&gt;&lt;MOrigin&gt;-100000&lt;/MOrigin&gt;&lt;MScale&gt;10000&lt;/MScale&gt;&lt;XYTolerance&gt;8.983152841195215e-09&lt;/XYTolerance&gt;&lt;ZTolerance&gt;0.001&lt;/ZTolerance&gt;&lt;MTolerance&gt;0.001&lt;/MTolerance&gt;&lt;HighPrecision&gt;true&lt;/HighPrecision&gt;&lt;LeftLongitude&gt;-180&lt;/LeftLongitude&gt;&lt;WKID&gt;4269&lt;/WKID&gt;&lt;LatestWKID&gt;4269&lt;/LatestWKID&gt;&lt;/GeographicCoordinateSystem&gt;</peXml></coordRef><lineage><Process ToolSource="c:\program files (x86)\arcgis\desktop10.7\ArcToolbox\Toolboxes\Conversion Tools.tbx\FeatureClassToFeatureClass" Date="20220328" Time="131932">FeatureClassToFeatureClass "\\Tumamoc\PAGstaff\MAlvarez\Cienega Projects\ccflowpastdammmyy.shp" \\Tumamoc\Programs\Environmental\Water\CIENEGA\walkthru\CienegaWalkthrough_Template\CienegaWalkthrough_Template.gdb ccflowpastdammmyy # "ReachName "ReachName" true true false 10 Text 0 0 ,First,#,\\Tumamoc\PAGstaff\MAlvarez\Cienega Projects\ccflowpastdammmyy.shp,ReachName,-1,-1;FLOW "FLOW" true true false 5 Text 0 0 ,First,#,\\Tumamoc\PAGstaff\MAlvarez\Cienega Projects\ccflowpastdammmyy.shp,FLOW,-1,-1;FROGS "FROGS" true true false 5 Text 0 0 ,First,#,\\Tumamoc\PAGstaff\MAlvarez\Cienega Projects\ccflowpastdammmyy.shp,FROGS,-1,-1;FISH "FISH" true true false 5 Text 0 0 ,First,#,\\Tumamoc\PAGstaff\MAlvarez\Cienega Projects\ccflowpastdammmyy.shp,FISH,-1,-1;NOTES "NOTES" true true false 254 Text 0 0 ,First,#,\\Tumamoc\PAGstaff\MAlvarez\Cienega Projects\ccflowpastdammmyy.shp,NOTES,-1,-1;ShapeLeng "ShapeLeng" true true false 10 Long 0 10 ,First,#,\\Tumamoc\PAGstaff\MAlvarez\Cienega Projects\ccflowpastdammmyy.shp,ShapeLeng,-1,-1" #</Process><Process ToolSource="c:\program files (x86)\arcgis\desktop10.8\ArcToolbox\Toolboxes\Conversion Tools.tbx\FeatureClassToFeatureClass" Date="20231221" Time="095506">FeatureClassToFeatureClass \\Tumamoc\programs\Environmental\Water\CIENEGA\walkthru\2023-03\CienegaWalkthrough_Template.gdb\ccflowpastdam0323_all \\Tumamoc\programs\Environmental\Water\CIENEGA\walkthru\2023-03\Processed ccflowpastdam0323_all.shp # "ReachName "ReachName" true true false 10 Text 0 0 ,First,#,\\Tumamoc\programs\Environmental\Water\CIENEGA\walkthru\2023-03\CienegaWalkthrough_Template.gdb\ccflowpastdam0323_all,ReachName,-1,-1;FLOW "FLOW" true true false 5 Text 0 0 ,First,#,\\Tumamoc\programs\Environmental\Water\CIENEGA\walkthru\2023-03\CienegaWalkthrough_Template.gdb\ccflowpastdam0323_all,FLOW,-1,-1;FROGS "FROGS" true true false 5 Text 0 0 ,First,#,\\Tumamoc\programs\Environmental\Water\CIENEGA\walkthru\2023-03\CienegaWalkthrough_Template.gdb\ccflowpastdam0323_all,FROGS,-1,-1;FISH "FISH" true true false 5 Text 0 0 ,First,#,\\Tumamoc\programs\Environmental\Water\CIENEGA\walkthru\2023-03\CienegaWalkthrough_Template.gdb\ccflowpastdam0323_all,FISH,-1,-1;NOTES "NOTES" true true false 254 Text 0 0 ,First,#,\\Tumamoc\programs\Environmental\Water\CIENEGA\walkthru\2023-03\CienegaWalkthrough_Template.gdb\ccflowpastdam0323_all,NOTES,-1,-1;ShapeLeng "ShapeLeng" true true false 4 Long 0 0 ,First,#,\\Tumamoc\programs\Environmental\Water\CIENEGA\walkthru\2023-03\CienegaWalkthrough_Template.gdb\ccflowpastdam0323_all,ShapeLeng,-1,-1;Shape_Leng "Shape_Leng" false true true 8 Double 0 0 ,First,#,\\Tumamoc\programs\Environmental\Water\CIENEGA\walkthru\2023-03\CienegaWalkthrough_Template.gdb\ccflowpastdam0323_all,Shape_Length,-1,-1" #</Process></lineage></DataProperties></Esri><idinfo><native Sync="TRUE">Microsoft Windows XP Version 5.1 (Build 2600) Service Pack 2; ESRI ArcCatalog 9.3.1.1850</native><descript><langdata Sync="TRUE">en</langdata><abstract>The National Hydrography Dataset (NHD) is a feature-based database that interconnects and uniquely identifies the stream segments or reaches that make up the nation's surface water drainage system. NHD data was originally developed at 1:100,000-scale and exists at that scale for the whole country. This high-resolution NHD, generally developed at 1:24,000/1:12,000 scale, adds detail to the original 1:100,000-scale NHD. (Data for Alaska, Puerto Rico and the Virgin Islands was developed at high-resolution, not 1:100,000 scale.)  Local resolution NHD is being developed where partners and data exist. The NHD contains reach codes for networked features, flow direction, names, and centerline representations for areal water bodies. Reaches are also defined on waterbodies and the approximate shorelines of the Great Lakes, the Atlantic and Pacific Oceans and the Gulf of Mexico. The NHD also incorporates the National Spatial Data Infrastructure framework criteria established by the Federal Geographic Data Committee.</abstract><purpose>The NHD is a national framework for assigning reach addresses to water-related entities, such as industrial discharges, drinking water supplies, fish habitat areas, wild and scenic rivers. Reach addresses establish the locations of these entities relative to one another within the NHD surface water drainage network, much like addresses on streets. Once linked to the NHD by their reach addresses, the upstream/downstream relationships of these water-related entities--and any associated information about them--can be analyzed using software tools ranging from spreadsheets to geographic information systems (GIS). GIS can also be used to combine NHD-based network analysis with other data layers, such as soils, land use and population, to help understand and display their respective effects upon one another. Furthermore, because the NHD provides a nationally consistent framework for addressing and analysis, water-related information linked to reach addresses by one organization (national, state, local) can be shared with other organizations and easily integrated into many different types of applications to the benefit of all.</purpose></descript><citation><citeinfo><origin>U.S. Geological Survey in cooperation with U.S. Environmental Protection Agency, USDA Forest Service, and other Federal, State and local partners (see dataset specific metadata under Data_Set_Credit for details).</origin><pubdate>See dataset specific metadata.</pubdate><title Sync="TRUE">NHDFlowline</title><ftname Sync="TRUE">NHDFlowline</ftname><geoform Sync="TRUE">vector digital data</geoform><onlink Sync="TRUE">\\igskbthisusy01\nhdgeo\oracle_export\GDBExtractServer\Template\NHD_File_Template_High_92v210.gdb</onlink><pubtime>Unknown</pubtime><pubinfo><pubplace>Reston, Virginia</pubplace><publish>U.S. Geological Survey</publish></pubinfo></citeinfo></citation><timeperd><current>See dataset specific metadata.</current><timeinfo><sngdate><caldate>REQUIRED: The year (and optionally month, or month and day) for which the data set corresponds to the ground.</caldate></sngdate></timeinfo></timeperd><status><progress>In work</progress><update>Irregular</update></status><spdom><bounding><westbc>-200</westbc><eastbc>-56.8344239</eastbc><northbc>143.165576</northbc><southbc>0</southbc></bounding></spdom><keywords><theme><themekt>U.S. Department of the Interior, U.S. Geological Survey, 1999, Standards for National Hydrography Dataset (http://mapping.usgs.gov/standards/)</themekt><themekey>FWHydrography</themekey><themekey>Hydrography</themekey><themekey>Stream / River</themekey><themekey>Lake / Pond</themekey><themekey>Canal / Ditch</themekey><themekey>Reservoir</themekey><themekey>Spring / Seep</themekey><themekey>Swamp / Marsh</themekey><themekey>Artificial Path</themekey><themekey>Reach Code</themekey></theme><place><placekey>US</placekey><placekt>U.S. Department of Commerce, 1977, Countries, dependencies, areas of special sovereignty, and their principal administrative divisions (Federal Information Processing Standards 10-3): Washington, D.C., National Institute of Standards and Technology.</placekt></place></keywords><accconst>None.</accconst><useconst>None.  Acknowledgment of the originating agencies would
be appreciated in products derived from these data.</useconst><natvform Sync="TRUE">Personal GeoDatabase Feature Class</natvform><ptcontac><cntinfo><cntorgp><cntorg>Earth Science Information Center, U.S. Geological Survey</cntorg></cntorgp><cntvoice>1 888 ASK USGS</cntvoice><cntemail>ask@usgs.gov</cntemail><hours>0800-1600 Eastern Time</hours><cntinst>In addition to the address above there are other ESIC offices throughout the country. A full list of these offices is at URL:  http://mapping.usgs.gov/esic/esic_index.html</cntinst></cntinfo></ptcontac><datacred>See dataset specific metadata.</datacred></idinfo><dataIdInfo><envirDesc Sync="TRUE"> Version 6.2 (Build 9200) ; Esri ArcGIS 10.9.1.28388</envirDesc><dataLang><languageCode Sync="TRUE" value="eng"></languageCode><countryCode value="USA" Sync="TRUE"></countryCode></dataLang><idCitation><resTitle Sync="TRUE">ccflowpastdam0323_all</resTitle><presForm><PresFormCd Sync="TRUE" value="005"></PresFormCd></presForm></idCitation><spatRpType><SpatRepTypCd Sync="TRUE" value="001"></SpatRepTypCd></spatRpType></dataIdInfo><metainfo><langmeta Sync="TRUE">en</langmeta><metstdn Sync="TRUE">FGDC Content Standards for Digital Geospatial Metadata</metstdn><metstdv Sync="TRUE">FGDC-STD-001-1998</metstdv><mettc Sync="TRUE">local time</mettc><metc><cntinfo><cntorgp><cntper>REQUIRED: The person responsible for the metadata information.</cntper><cntorg>Earth Science Information Center, U.S. Geological Survey</cntorg></cntorgp><cntaddr><addrtype>mailing address</addrtype><city>Reston</city><state>VA</state><postal>20192</postal><address>507 National Center</address><country>USA</country></cntaddr><cntvoice>1 888 ASK USGS.</cntvoice><cntemail>nhd@usgs.gov</cntemail><cntinst>In addition to the address above there are other ESIC offices throughout the country. A full list of these offices is at URL:  http://mapping.usgs.gov/esic/esic_index.html</cntinst></cntinfo></metc><metd Sync="TRUE">20100520</metd></metainfo><mdLang><languageCode Sync="TRUE" value="eng"></languageCode><countryCode value="USA" Sync="TRUE"></countryCode></mdLang><mdStanName Sync="TRUE">ISO 19115 Geographic Information - Metadata</mdStanName><mdStanVer Sync="TRUE">DIS_ESRI1.0</mdStanVer><mdChar><CharSetCd Sync="TRUE" value="004"></CharSetCd></mdChar><mdHrLv><ScopeCd Sync="TRUE" value="005"></ScopeCd></mdHrLv><mdHrLvName Sync="TRUE">dataset</mdHrLvName><distinfo><resdesc Sync="TRUE">Downloadable Data</resdesc><stdorder><digform><digtinfo><formname>ArcGIS Geodatabase</formname><formvern>8.3</formvern><filedec>tar and uncompress</filedec></digtinfo></digform></stdorder></distinfo><distInfo><distributor><distorTran><onLineSrc><orDesc Sync="TRUE">002</orDesc><linkage Sync="TRUE">file://\\igskbthisusy01\nhdgeo\oracle_export\GDBExtractServer\Template\NHD_File_Template_High_92v210.gdb</linkage><protocol Sync="TRUE">Local Area Network</protocol></onLineSrc></distorTran><distorFormat><formatName Sync="TRUE">Personal GeoDatabase Feature Class</formatName></distorFormat></distributor><distFormat><formatName Sync="TRUE">Shapefile</formatName></distFormat><distTranOps><transSize Sync="TRUE">0.000</transSize></distTranOps></distInfo><spdoinfo><direct Sync="TRUE">Vector</direct><ptvctinf><esriterm Name="ccflowpastdam0323_all"><efeatyp Sync="TRUE">Simple</efeatyp><efeageom code="3" Sync="TRUE"></efeageom><esritopo Sync="TRUE">FALSE</esritopo><efeacnt Sync="TRUE">0</efeacnt><spindex Sync="TRUE">FALSE</spindex><linrefer Sync="TRUE">TRUE</linrefer></esriterm></ptvctinf></spdoinfo><spref><horizsys><cordsysn><geogcsn Sync="TRUE">GCS_North_American_1983</geogcsn></cordsysn><geograph><geogunit Sync="TRUE">Decimal degrees</geogunit><latres Sync="TRUE">0.000000</latres><longres Sync="TRUE">0.000000</longres></geograph><geodetic><horizdn Sync="TRUE">North American Datum of 1983</horizdn><ellips Sync="TRUE">Geodetic Reference System 80</ellips><semiaxis Sync="TRUE">6378137.000000</semiaxis><denflat Sync="TRUE">298.257222</denflat></geodetic></horizsys><vertdef><altsys><altenc Sync="TRUE">Explicit elevation coordinate included with horizontal coordinates</altenc><altres Sync="TRUE">0.000025</altres><altdatum>National Geodetic Vertical Datum of 1929</altdatum><altunits>meters</altunits></altsys></vertdef></spref><refSysInfo><RefSystem><refSysID><identCode Sync="TRUE" code="4269">GCS_North_American_1983</identCode><idCodeSpace Sync="TRUE">EPSG</idCodeSpace><idVersion Sync="TRUE">6.5(3.0.1)</idVersion></refSysID></RefSystem></refSysInfo><spatRepInfo><VectSpatRep><geometObjs Name="ccflowpastdam0323_all"><geoObjTyp><GeoObjTypCd value="002" Sync="TRUE"></GeoObjTypCd></geoObjTyp><geoObjCnt Sync="TRUE">0</geoObjCnt></geometObjs><topLvl><TopoLevCd value="001" Sync="TRUE"></TopoLevCd></topLvl></VectSpatRep></spatRepInfo><eainfo><detailed Name="ccflowpastdam0323_all"><enttyp><enttypl Sync="TRUE">ccflowpastdam0323_all</enttypl><enttypt Sync="TRUE">Feature Class</enttypt><enttypc Sync="TRUE">0</enttypc></enttyp><attr><attrlabl Sync="TRUE">Shape</attrlabl><attalias Sync="TRUE">Shape</attalias><attrtype Sync="TRUE">Geometry</attrtype><attwidth Sync="TRUE">0</attwidth><atprecis Sync="TRUE">0</atprecis><attscale Sync="TRUE">0</attscale><attrdef Sync="TRUE">Feature geometry.</attrdef><attrdefs Sync="TRUE">ESRI</attrdefs><attrdomv><udom Sync="TRUE">Coordinates defining the features.</udom></attrdomv></attr><subtype><stname Sync="TRUE">CanalDitch</stname><stcode Sync="TRUE">336</stcode><stfield><stfldnm Sync="TRUE">Resolution</stfldnm><stflddv Sync="TRUE">0</stflddv><stflddd><domname Sync="TRUE">Resolution</domname><domdesc Sync="TRUE">Resolution Domain</domdesc><domtype Sync="TRUE">Coded Value</domtype><mrgtype Sync="TRUE">Default value</mrgtype><splttype Sync="TRUE">Duplicate</splttype><domowner Sync="TRUE"></domowner><domfldtp Sync="TRUE">Integer</domfldtp></stflddd></stfield><stfield><stfldnm Sync="TRUE">FlowDir</stfldnm><stflddd><domname Sync="TRUE">HydroFlowDirections</domname><domdesc Sync="TRUE">Hydro Flow Direction Domain</domdesc><domtype Sync="TRUE">Coded Value</domtype><mrgtype Sync="TRUE">Default value</mrgtype><splttype Sync="TRUE">Duplicate</splttype><domowner Sync="TRUE"></domowner><domfldtp Sync="TRUE">Integer</domfldtp></stflddd><stflddv Sync="TRUE">0</stflddv></stfield><stfield><stfldnm Sync="TRUE">FCode</stfldnm><stflddv Sync="TRUE">33600</stflddv><stflddd><domname Sync="TRUE">CanalDitch FCode</domname><domdesc Sync="TRUE">Canal Ditch FCode Domain</domdesc><domtype Sync="TRUE">Coded Value</domtype><mrgtype Sync="TRUE">Default value</mrgtype><splttype Sync="TRUE">Duplicate</splttype><domowner Sync="TRUE"></domowner><domfldtp Sync="TRUE">Integer</domfldtp></stflddd></stfield><stfield><stfldnm Sync="TRUE">MainPath</stfldnm><stflddv Sync="TRUE">0</stflddv><stflddd><domname Sync="TRUE">MainPath Domain</domname><domdesc Sync="TRUE">Main Path Domain</domdesc><domtype Sync="TRUE">Coded Value</domtype><mrgtype Sync="TRUE">Default value</mrgtype><splttype Sync="TRUE">Duplicate</splttype><domowner Sync="TRUE"></domowner><domfldtp Sync="TRUE">Integer</domfldtp></stflddd></stfield><stfield><stfldnm Sync="TRUE">InNetwork</stfldnm><stflddv Sync="TRUE">42000</stflddv><stflddd><domname Sync="TRUE">NoYes Domain</domname><domdesc Sync="TRUE">NoYes Domain</domdesc><domtype Sync="TRUE">Coded Value</domtype><mrgtype Sync="TRUE">Default value</mrgtype><splttype Sync="TRUE">Duplicate</splttype><domowner Sync="TRUE"></domowner><domfldtp Sync="TRUE">SmallInteger</domfldtp></stflddd></stfield><stfield><stfldnm Sync="TRUE">VisibilityFilter</stfldnm><stflddv Sync="TRUE">0</stflddv><stflddd><domname Sync="TRUE">VisibilityFilter Domain</domname><domdesc Sync="TRUE">Visibility Filter Domain</domdesc><domtype Sync="TRUE">Coded Value</domtype><mrgtype Sync="TRUE">Default value</mrgtype><splttype Sync="TRUE">Duplicate</splttype><domowner Sync="TRUE"></domowner><domfldtp Sync="TRUE">Integer</domfldtp></stflddd></stfield></subtype><subtype><stname Sync="TRUE">Coastline</stname><stcode Sync="TRUE">566</stcode><stfield><stfldnm Sync="TRUE">Resolution</stfldnm><stflddv Sync="TRUE">0</stflddv><stflddd><domname Sync="TRUE">Resolution</domname><domdesc Sync="TRUE">Resolution Domain</domdesc><domtype Sync="TRUE">Coded Value</domtype><mrgtype Sync="TRUE">Default value</mrgtype><splttype Sync="TRUE">Duplicate</splttype><domowner Sync="TRUE"></domowner><domfldtp Sync="TRUE">Integer</domfldtp></stflddd></stfield><stfield><stfldnm Sync="TRUE">FlowDir</stfldnm><stflddd><domname Sync="TRUE">HydroFlowDirections</domname><domdesc Sync="TRUE">Hydro Flow Direction Domain</domdesc><domtype Sync="TRUE">Coded Value</domtype><mrgtype Sync="TRUE">Default value</mrgtype><splttype Sync="TRUE">Duplicate</splttype><domowner Sync="TRUE"></domowner><domfldtp Sync="TRUE">Integer</domfldtp></stflddd><stflddv Sync="TRUE">0</stflddv></stfield><stfield><stfldnm Sync="TRUE">FCode</stfldnm><stflddv Sync="TRUE">56600</stflddv><stflddd><domname Sync="TRUE">Coastline FCode</domname><domdesc Sync="TRUE">Coastline FCode</domdesc><domtype Sync="TRUE">Coded Value</domtype><mrgtype Sync="TRUE">Default value</mrgtype><splttype Sync="TRUE">Duplicate</splttype><domowner Sync="TRUE"></domowner><domfldtp Sync="TRUE">Integer</domfldtp></stflddd></stfield><stfield><stfldnm Sync="TRUE">MainPath</stfldnm><stflddv Sync="TRUE">0</stflddv><stflddd><domname Sync="TRUE">MainPath Domain</domname><domdesc Sync="TRUE">Main Path Domain</domdesc><domtype Sync="TRUE">Coded Value</domtype><mrgtype Sync="TRUE">Default value</mrgtype><splttype Sync="TRUE">Duplicate</splttype><domowner Sync="TRUE"></domowner><domfldtp Sync="TRUE">Integer</domfldtp></stflddd></stfield><stfield><stfldnm Sync="TRUE">InNetwork</stfldnm><stflddv Sync="TRUE">46006</stflddv><stflddd><domname Sync="TRUE">NoYes Domain</domname><domdesc Sync="TRUE">NoYes Domain</domdesc><domtype Sync="TRUE">Coded Value</domtype><mrgtype Sync="TRUE">Default value</mrgtype><splttype Sync="TRUE">Duplicate</splttype><domowner Sync="TRUE"></domowner><domfldtp Sync="TRUE">SmallInteger</domfldtp></stflddd></stfield><stfield><stfldnm Sync="TRUE">VisibilityFilter</stfldnm><stflddv Sync="TRUE">0</stflddv><stflddd><domname Sync="TRUE">VisibilityFilter Domain</domname><domdesc Sync="TRUE">Visibility Filter Domain</domdesc><domtype Sync="TRUE">Coded Value</domtype><mrgtype Sync="TRUE">Default value</mrgtype><splttype Sync="TRUE">Duplicate</splttype><domowner Sync="TRUE"></domowner><domfldtp Sync="TRUE">Integer</domfldtp></stflddd></stfield></subtype><subtype><stname Sync="TRUE">ArtificialPath</stname><stcode Sync="TRUE">558</stcode><stfield><stfldnm Sync="TRUE">Resolution</stfldnm><stflddv Sync="TRUE">0</stflddv><stflddd><domname Sync="TRUE">Resolution</domname><domdesc Sync="TRUE">Resolution Domain</domdesc><domtype Sync="TRUE">Coded Value</domtype><mrgtype Sync="TRUE">Default value</mrgtype><splttype Sync="TRUE">Duplicate</splttype><domowner Sync="TRUE"></domowner><domfldtp Sync="TRUE">Integer</domfldtp></stflddd></stfield><stfield><stfldnm Sync="TRUE">FlowDir</stfldnm><stflddd><domname Sync="TRUE">HydroFlowDirections</domname><domdesc Sync="TRUE">Hydro Flow Direction Domain</domdesc><domtype Sync="TRUE">Coded Value</domtype><mrgtype Sync="TRUE">Default value</mrgtype><splttype Sync="TRUE">Duplicate</splttype><domowner Sync="TRUE"></domowner><domfldtp Sync="TRUE">Integer</domfldtp></stflddd><stflddv Sync="TRUE">0</stflddv></stfield><stfield><stfldnm Sync="TRUE">FCode</stfldnm><stflddv Sync="TRUE">55800</stflddv><stflddd><domname Sync="TRUE">ArtificialPath FCode</domname><domdesc Sync="TRUE">Artifical Path FCode</domdesc><domtype Sync="TRUE">Coded Value</domtype><mrgtype Sync="TRUE">Default value</mrgtype><splttype Sync="TRUE">Duplicate</splttype><domowner Sync="TRUE"></domowner><domfldtp Sync="TRUE">Integer</domfldtp></stflddd></stfield><stfield><stfldnm Sync="TRUE">MainPath</stfldnm><stflddv Sync="TRUE">0</stflddv><stflddd><domname Sync="TRUE">MainPath Domain</domname><domdesc Sync="TRUE">Main Path Domain</domdesc><domtype Sync="TRUE">Coded Value</domtype><mrgtype Sync="TRUE">Default value</mrgtype><splttype Sync="TRUE">Duplicate</splttype><domowner Sync="TRUE"></domowner><domfldtp Sync="TRUE">Integer</domfldtp></stflddd></stfield><stfield><stfldnm Sync="TRUE">InNetwork</stfldnm><stflddv Sync="TRUE">42805</stflddv><stflddd><domname Sync="TRUE">NoYes Domain</domname><domdesc Sync="TRUE">NoYes Domain</domdesc><domtype Sync="TRUE">Coded Value</domtype><mrgtype Sync="TRUE">Default value</mrgtype><splttype Sync="TRUE">Duplicate</splttype><domowner Sync="TRUE"></domowner><domfldtp Sync="TRUE">SmallInteger</domfldtp></stflddd></stfield><stfield><stfldnm Sync="TRUE">VisibilityFilter</stfldnm><stflddv Sync="TRUE">0</stflddv><stflddd><domname Sync="TRUE">VisibilityFilter Domain</domname><domdesc Sync="TRUE">Visibility Filter Domain</domdesc><domtype Sync="TRUE">Coded Value</domtype><mrgtype Sync="TRUE">Default value</mrgtype><splttype Sync="TRUE">Duplicate</splttype><domowner Sync="TRUE"></domowner><domfldtp Sync="TRUE">Integer</domfldtp></stflddd></stfield></subtype><subtype><stname Sync="TRUE">StreamRiver</stname><stcode Sync="TRUE">460</stcode><stfield><stfldnm Sync="TRUE">Resolution</stfldnm><stflddv Sync="TRUE">0</stflddv><stflddd><domname Sync="TRUE">Resolution</domname><domdesc Sync="TRUE">Resolution Domain</domdesc><domtype Sync="TRUE">Coded Value</domtype><mrgtype Sync="TRUE">Default value</mrgtype><splttype Sync="TRUE">Duplicate</splttype><domowner Sync="TRUE"></domowner><domfldtp Sync="TRUE">Integer</domfldtp></stflddd></stfield><stfield><stfldnm Sync="TRUE">FlowDir</stfldnm><stflddd><domname Sync="TRUE">HydroFlowDirections</domname><domdesc Sync="TRUE">Hydro Flow Direction Domain</domdesc><domtype Sync="TRUE">Coded Value</domtype><mrgtype Sync="TRUE">Default value</mrgtype><splttype Sync="TRUE">Duplicate</splttype><domowner Sync="TRUE"></domowner><domfldtp Sync="TRUE">Integer</domfldtp></stflddd><stflddv Sync="TRUE">0</stflddv></stfield><stfield><stfldnm Sync="TRUE">FCode</stfldnm><stflddv Sync="TRUE">46006</stflddv><stflddd><domname Sync="TRUE">StreamRiver FCode</domname><domdesc Sync="TRUE">Stream River FCode Domain</domdesc><domtype Sync="TRUE">Coded Value</domtype><mrgtype Sync="TRUE">Default value</mrgtype><splttype Sync="TRUE">Duplicate</splttype><domowner Sync="TRUE"></domowner><domfldtp Sync="TRUE">Integer</domfldtp></stflddd></stfield><stfield><stfldnm Sync="TRUE">MainPath</stfldnm><stflddv Sync="TRUE">0</stflddv><stflddd><domname Sync="TRUE">MainPath Domain</domname><domdesc Sync="TRUE">Main Path Domain</domdesc><domtype Sync="TRUE">Coded Value</domtype><mrgtype Sync="TRUE">Default value</mrgtype><splttype Sync="TRUE">Duplicate</splttype><domowner Sync="TRUE"></domowner><domfldtp Sync="TRUE">Integer</domfldtp></stflddd></stfield><stfield><stfldnm Sync="TRUE">InNetwork</stfldnm><stflddv Sync="TRUE">55800</stflddv><stflddd><domname Sync="TRUE">NoYes Domain</domname><domdesc Sync="TRUE">NoYes Domain</domdesc><domtype Sync="TRUE">Coded Value</domtype><mrgtype Sync="TRUE">Default value</mrgtype><splttype Sync="TRUE">Duplicate</splttype><domowner Sync="TRUE"></domowner><domfldtp Sync="TRUE">SmallInteger</domfldtp></stflddd></stfield><stfield><stfldnm Sync="TRUE">VisibilityFilter</stfldnm><stflddv Sync="TRUE">0</stflddv><stflddd><domname Sync="TRUE">VisibilityFilter Domain</domname><domdesc Sync="TRUE">Visibility Filter Domain</domdesc><domtype Sync="TRUE">Coded Value</domtype><mrgtype Sync="TRUE">Default value</mrgtype><splttype Sync="TRUE">Duplicate</splttype><domowner Sync="TRUE"></domowner><domfldtp Sync="TRUE">Integer</domfldtp></stflddd></stfield></subtype><subtype><stname Sync="TRUE">Connector</stname><stcode Sync="TRUE">334</stcode><stfield><stfldnm Sync="TRUE">Resolution</stfldnm><stflddv Sync="TRUE">0</stflddv><stflddd><domname Sync="TRUE">Resolution</domname><domdesc Sync="TRUE">Resolution Domain</domdesc><domtype Sync="TRUE">Coded Value</domtype><mrgtype Sync="TRUE">Default value</mrgtype><splttype Sync="TRUE">Duplicate</splttype><domowner Sync="TRUE"></domowner><domfldtp Sync="TRUE">Integer</domfldtp></stflddd></stfield><stfield><stfldnm Sync="TRUE">FlowDir</stfldnm><stflddd><domname Sync="TRUE">HydroFlowDirections</domname><domdesc Sync="TRUE">Hydro Flow Direction Domain</domdesc><domtype Sync="TRUE">Coded Value</domtype><mrgtype Sync="TRUE">Default value</mrgtype><splttype Sync="TRUE">Duplicate</splttype><domowner Sync="TRUE"></domowner><domfldtp Sync="TRUE">Integer</domfldtp></stflddd><stflddv Sync="TRUE">0</stflddv></stfield><stfield><stfldnm Sync="TRUE">FCode</stfldnm><stflddv Sync="TRUE">33400</stflddv><stflddd><domname Sync="TRUE">Connector FCode</domname><domdesc Sync="TRUE">Connector FCode Domain</domdesc><domtype Sync="TRUE">Coded Value</domtype><mrgtype Sync="TRUE">Default value</mrgtype><splttype Sync="TRUE">Duplicate</splttype><domowner Sync="TRUE"></domowner><domfldtp Sync="TRUE">Integer</domfldtp></stflddd></stfield><stfield><stfldnm Sync="TRUE">MainPath</stfldnm><stflddv Sync="TRUE">0</stflddv><stflddd><domname Sync="TRUE">MainPath Domain</domname><domdesc Sync="TRUE">Main Path Domain</domdesc><domtype Sync="TRUE">Coded Value</domtype><mrgtype Sync="TRUE">Default value</mrgtype><splttype Sync="TRUE">Duplicate</splttype><domowner Sync="TRUE"></domowner><domfldtp Sync="TRUE">Integer</domfldtp></stflddd></stfield><stfield><stfldnm Sync="TRUE">InNetwork</stfldnm><stflddv Sync="TRUE">33600</stflddv><stflddd><domname Sync="TRUE">NoYes Domain</domname><domdesc Sync="TRUE">NoYes Domain</domdesc><domtype Sync="TRUE">Coded Value</domtype><mrgtype Sync="TRUE">Default value</mrgtype><splttype Sync="TRUE">Duplicate</splttype><domowner Sync="TRUE"></domowner><domfldtp Sync="TRUE">SmallInteger</domfldtp></stflddd></stfield><stfield><stfldnm Sync="TRUE">VisibilityFilter</stfldnm><stflddv Sync="TRUE">0</stflddv><stflddd><domname Sync="TRUE">VisibilityFilter Domain</domname><domdesc Sync="TRUE">Visibility Filter Domain</domdesc><domtype Sync="TRUE">Coded Value</domtype><mrgtype Sync="TRUE">Default value</mrgtype><splttype Sync="TRUE">Duplicate</splttype><domowner Sync="TRUE"></domowner><domfldtp Sync="TRUE">Integer</domfldtp></stflddd></stfield></subtype><subtype><stname Sync="TRUE">Pipeline</stname><stcode Sync="TRUE">428</stcode><stfield><stfldnm Sync="TRUE">Resolution</stfldnm><stflddv Sync="TRUE">0</stflddv><stflddd><domname Sync="TRUE">Resolution</domname><domdesc Sync="TRUE">Resolution Domain</domdesc><domtype Sync="TRUE">Coded Value</domtype><mrgtype Sync="TRUE">Default value</mrgtype><splttype Sync="TRUE">Duplicate</splttype><domowner Sync="TRUE"></domowner><domfldtp Sync="TRUE">Integer</domfldtp></stflddd></stfield><stfield><stfldnm Sync="TRUE">FlowDir</stfldnm><stflddd><domname Sync="TRUE">HydroFlowDirections</domname><domdesc Sync="TRUE">Hydro Flow Direction Domain</domdesc><domtype Sync="TRUE">Coded Value</domtype><mrgtype Sync="TRUE">Default value</mrgtype><splttype Sync="TRUE">Duplicate</splttype><domowner Sync="TRUE"></domowner><domfldtp Sync="TRUE">Integer</domfldtp></stflddd><stflddv Sync="TRUE">0</stflddv></stfield><stfield><stfldnm Sync="TRUE">FCode</stfldnm><stflddv Sync="TRUE">42805</stflddv><stflddd><domname Sync="TRUE">Pipeline FCode</domname><domdesc Sync="TRUE">Pipeline FCode Domain</domdesc><domtype Sync="TRUE">Coded Value</domtype><mrgtype Sync="TRUE">Default value</mrgtype><splttype Sync="TRUE">Duplicate</splttype><domowner Sync="TRUE"></domowner><domfldtp Sync="TRUE">Integer</domfldtp></stflddd></stfield><stfield><stfldnm Sync="TRUE">MainPath</stfldnm><stflddv Sync="TRUE">0</stflddv><stflddd><domname Sync="TRUE">MainPath Domain</domname><domdesc Sync="TRUE">Main Path Domain</domdesc><domtype Sync="TRUE">Coded Value</domtype><mrgtype Sync="TRUE">Default value</mrgtype><splttype Sync="TRUE">Duplicate</splttype><domowner Sync="TRUE"></domowner><domfldtp Sync="TRUE">Integer</domfldtp></stflddd></stfield><stfield><stfldnm Sync="TRUE">InNetwork</stfldnm><stflddv Sync="TRUE">33400</stflddv><stflddd><domname Sync="TRUE">NoYes Domain</domname><domdesc Sync="TRUE">NoYes Domain</domdesc><domtype Sync="TRUE">Coded Value</domtype><mrgtype Sync="TRUE">Default value</mrgtype><splttype Sync="TRUE">Duplicate</splttype><domowner Sync="TRUE"></domowner><domfldtp Sync="TRUE">SmallInteger</domfldtp></stflddd></stfield><stfield><stfldnm Sync="TRUE">VisibilityFilter</stfldnm><stflddv Sync="TRUE">0</stflddv><stflddd><domname Sync="TRUE">VisibilityFilter Domain</domname><domdesc Sync="TRUE">Visibility Filter Domain</domdesc><domtype Sync="TRUE">Coded Value</domtype><mrgtype Sync="TRUE">Default value</mrgtype><splttype Sync="TRUE">Duplicate</splttype><domowner Sync="TRUE"></domowner><domfldtp Sync="TRUE">Integer</domfldtp></stflddd></stfield></subtype><attr><attrlabl Sync="TRUE">FID</attrlabl><attalias Sync="TRUE">FID</attalias><attrtype Sync="TRUE">OID</attrtype><attwidth Sync="TRUE">4</attwidth><atprecis Sync="TRUE">0</atprecis><attscale Sync="TRUE">0</attscale><attrdef Sync="TRUE">Internal feature number.</attrdef><attrdefs Sync="TRUE">Esri</attrdefs><attrdomv><udom Sync="TRUE">Sequential unique whole numbers that are automatically generated.</udom></attrdomv></attr><attr><attrlabl Sync="TRUE">ReachName</attrlabl><attalias Sync="TRUE">ReachName</attalias><attrtype Sync="TRUE">String</attrtype><attwidth Sync="TRUE">10</attwidth><atprecis Sync="TRUE">0</atprecis><attscale Sync="TRUE">0</attscale></attr><attr><attrlabl Sync="TRUE">FLOW</attrlabl><attalias Sync="TRUE">FLOW</attalias><attrtype Sync="TRUE">String</attrtype><attwidth Sync="TRUE">5</attwidth><atprecis Sync="TRUE">0</atprecis><attscale Sync="TRUE">0</attscale></attr><attr><attrlabl Sync="TRUE">FROGS</attrlabl><attalias Sync="TRUE">FROGS</attalias><attrtype Sync="TRUE">String</attrtype><attwidth Sync="TRUE">5</attwidth><atprecis Sync="TRUE">0</atprecis><attscale Sync="TRUE">0</attscale></attr><attr><attrlabl Sync="TRUE">FISH</attrlabl><attalias Sync="TRUE">FISH</attalias><attrtype Sync="TRUE">String</attrtype><attwidth Sync="TRUE">5</attwidth><atprecis Sync="TRUE">0</atprecis><attscale Sync="TRUE">0</attscale></attr><attr><attrlabl Sync="TRUE">NOTES</attrlabl><attalias Sync="TRUE">NOTES</attalias><attrtype Sync="TRUE">String</attrtype><attwidth Sync="TRUE">254</attwidth><atprecis Sync="TRUE">0</atprecis><attscale Sync="TRUE">0</attscale></attr><attr><attrlabl Sync="TRUE">ShapeLeng</attrlabl><attalias Sync="TRUE">ShapeLeng</attalias><attrtype Sync="TRUE">Integer</attrtype><attwidth Sync="TRUE">10</attwidth><atprecis Sync="TRUE">10</atprecis><attscale Sync="TRUE">0</attscale></attr><subtype><stname Sync="TRUE">Underground Conduit</stname><stcode Sync="TRUE">420</stcode><stfield><stfldnm Sync="TRUE">Resolution</stfldnm><stflddv Sync="TRUE">0</stflddv><stflddd><domname Sync="TRUE">Resolution</domname><domdesc Sync="TRUE">Resolution Domain</domdesc><domtype Sync="TRUE">Coded Value</domtype><mrgtype Sync="TRUE">Default value</mrgtype><splttype Sync="TRUE">Duplicate</splttype><domowner Sync="TRUE"></domowner><domfldtp Sync="TRUE">Integer</domfldtp></stflddd></stfield><stfield><stfldnm Sync="TRUE">FlowDir</stfldnm><stflddd><domname Sync="TRUE">HydroFlowDirections</domname><domdesc Sync="TRUE">Hydro Flow Direction Domain</domdesc><domtype Sync="TRUE">Coded Value</domtype><mrgtype Sync="TRUE">Default value</mrgtype><splttype Sync="TRUE">Duplicate</splttype><domowner Sync="TRUE"></domowner><domfldtp Sync="TRUE">Integer</domfldtp></stflddd><stflddv Sync="TRUE">0</stflddv></stfield><stfield><stfldnm Sync="TRUE">FCode</stfldnm><stflddv Sync="TRUE">42000</stflddv><stflddd><domname Sync="TRUE">Underground Conduit FCode</domname><domdesc Sync="TRUE">Underground Conduit FCode Domain</domdesc><domtype Sync="TRUE">Coded Value</domtype><mrgtype Sync="TRUE">Default value</mrgtype><splttype Sync="TRUE">Duplicate</splttype><domowner Sync="TRUE"></domowner><domfldtp Sync="TRUE">Integer</domfldtp></stflddd></stfield><stfield><stfldnm Sync="TRUE">MainPath</stfldnm><stflddv Sync="TRUE">0</stflddv><stflddd><domname Sync="TRUE">MainPath Domain</domname><domdesc Sync="TRUE">Main Path Domain</domdesc><domtype Sync="TRUE">Coded Value</domtype><mrgtype Sync="TRUE">Default value</mrgtype><splttype Sync="TRUE">Duplicate</splttype><domowner Sync="TRUE"></domowner><domfldtp Sync="TRUE">Integer</domfldtp></stflddd></stfield><stfield><stfldnm Sync="TRUE">InNetwork</stfldnm><stflddv Sync="TRUE">56600</stflddv><stflddd><domname Sync="TRUE">NoYes Domain</domname><domdesc Sync="TRUE">NoYes Domain</domdesc><domtype Sync="TRUE">Coded Value</domtype><mrgtype Sync="TRUE">Default value</mrgtype><splttype Sync="TRUE">Duplicate</splttype><domowner Sync="TRUE"></domowner><domfldtp Sync="TRUE">SmallInteger</domfldtp></stflddd></stfield><stfield><stfldnm Sync="TRUE">VisibilityFilter</stfldnm><stflddv Sync="TRUE">0</stflddv><stflddd><domname Sync="TRUE">VisibilityFilter Domain</domname><domdesc Sync="TRUE">Visibility Filter Domain</domdesc><domtype Sync="TRUE">Coded Value</domtype><mrgtype Sync="TRUE">Default value</mrgtype><splttype Sync="TRUE">Duplicate</splttype><domowner Sync="TRUE"></domowner><domfldtp Sync="TRUE">Integer</domfldtp></stflddd></stfield></subtype><attr><attrlabl Sync="TRUE">Shape_Leng</attrlabl><attalias Sync="TRUE">Shape_Leng</attalias><attrtype Sync="TRUE">Double</attrtype><attwidth Sync="TRUE">19</attwidth><atprecis Sync="TRUE">0</atprecis><attscale Sync="TRUE">0</attscale></attr></detailed><detailed Name="NHDFlowlineToMeta"><enttyp><enttypl Sync="TRUE">NHDFlowlineToMeta</enttypl><enttypt Sync="TRUE">Relationship</enttypt></enttyp></detailed><overview><eaover>The National Hydrography Dataset is a comprehensive set of digital spatial data that encodes information about naturally occurring and constructed bodies of water, paths through which water flows, and related entities.  The information encoded about features includes a feature date, classification by type, other characteristics, a unique common identifier, the feature length or area, and (rarely) elevation of the surface of water pools and a description of the stage of the elevation.  For reaches, encoded information includes a reach code.  Names and their identifiers in the Geographic Names Information System, are assigned to most feature types.  The direction of flow is encoded for networked features.  The data also contains relations that encode metadata, and information that supports the exchange of future updates and improvements to the data.  The names and  definitions of all feature types, characteristics, and values are in the Standards for National Hydrography Dataset:  Reston, Virginia, U.S. Geological Survey, 1999.  The document is available online through http://mapping.usgs.gov/standards/.</eaover><eadetcit>The names and definitions of all feature types, characteristics, and values are in U.S. Geological Survey, 1999, Standards for National Hydrography Dataset High Resolution:  Reston, Virginia, U.S. Geological Survey.  The document is available online through http://mapping.usgs.gov/standards/.  Information about tables and fields in the data are available from the user documentation for the National Hydrography Dataset at http://nhd.usgs.gov.  The National Map - Hydrography Fact Sheet is also available at: http://erg.usgs.gov/isb/pubs/factsheets/fs06002.html.</eadetcit></overview></eainfo><mdDateSt Sync="TRUE">20231221</mdDateSt><dataqual><attracc><attraccr>Statements of attribute accuracy are based on accuracy statements made for U.S. Geological Survey Digital Line Graph (DLG) data, which is estimated to be 98.5 percent. One or more of the following methods were used to test attribute accuracy:  manual comparison of the source with hardcopy plots; symbolized display of the DLG on an interactive computer graphic system; selected attributes that could not be visually verified on plots or on screen were interactively queried and verified on screen.  In addition, software validated feature types and characteristics against a master set of types and characteristics, checked that combinations of types and characteristics were valid, and that types and characteristics were valid for the delineation of the feature.  Feature types, characteristics, and other attributes conform to the Standards for National Hydrography Dataset (USGS, 1999) as of the date they were loaded into the database.  All names were validated against a current extract from the Geographic Names Information System (GNIS).  The entry and identifier for the names match those in the GNIS.  The association of each name to reaches has been interactively checked, however, operator error could in some cases apply a name to a wrong reach.
This statement is generally true for the most common sources of NHD data.  Other sources and methods may have been used to create or update NHD data.  In some cases, additional information may be found in the NHDMetadata table.</attraccr></attracc><logic>Points, nodes, lines, and areas conform to topological rules.  Lines intersect only at nodes, and all nodes anchor the ends of lines.  Lines do not overshoot or undershoot other lines where they are supposed to meet.  There are no duplicate lines.  Lines bound areas and lines identify the areas to the left and right of the lines.  Gaps and overlaps among areas do not exist.  All areas close.</logic><complete>The completeness of the data reflects the content of the sources, which most often are the published USGS topographic quadrangle and/or the USDA Forest Service Primary Base Series (PBS) map. The USGS topographic quadrangle is usually supplemented by Digital Orthophoto Quadrangles (DOQs). Features found on the ground may have been eliminated or generalized on the source map because of scale and legibility constraints. In general, streams longer than one mile (approximately 1.6 kilometers) were collected. Most streams that flow from a lake were collected regardless of their length. Only definite channels were collected so not all swamp/marsh features have stream/rivers delineated through them. Lake/ponds having an area greater than 6 acres were collected. Note, however, that these general rules were applied unevenly among maps during compilation. Reaches codes are defined on all features of type stream/river, canal/ditch, artificial path, coastline, and connector. Waterbody reach codes are defined on all lake/pond and most reservoir features. Names were applied from the GNIS database.  Detailed capture conditions are provided for every feature type in the Standards for National Hydrography Dataset available online through http://mapping.usgs.gov/standards/.
This statement is generally true for the most common sources of NHD data. Other sources and methods may have been used to create or update NHD data. In some cases, additional information may be found in the NHDMetadata table.</complete><posacc><horizpa><horizpar>Statements of horizontal positional accuracy are based on accuracy statements made for U.S. Geological Survey topographic quadrangle maps.  These maps were compiled to meet National Map Accuracy Standards.  For horizontal accuracy, this standard is met if at least 90 percent of points tested are within 0.02 inch (at map scale) of the true position.  Additional offsets to positions may have been introduced where feature density is high to improve the legibility of map symbols.  In addition, the digitizing of maps is estimated to contain a horizontal positional error of less than or equal to 0.003 inch standard error (at map scale) in the two component directions relative to the source maps.  Visual comparison between the map graphic (including digital scans of the graphic) and plots or digital displays of points, lines, and areas, is used as control to assess the positional accuracy of digital data.  Digital map elements along the adjoining edges of data sets are aligned if they are within a 0.02 inch tolerance (at map scale).  Features with like dimensionality (for example, features that all are delineated with lines), with or without like characteristics, that are within the tolerance are aligned by moving the features equally to a common point. Features outside the tolerance are not moved; instead, a feature of type connector is added to join the features.
This statement is generally true for the most common sources of NHD data.  Other sources and methods may have been used to create or update NHD data.  In some cases, additional information may be found in the NHDMetadata table.</horizpar></horizpa><vertacc><vertaccr>Statements of vertical positional accuracy for elevation of water surfaces are based on accuracy statements made for U.S. Geological Survey topographic quadrangle maps.  These maps were compiled to meet National Map Accuracy Standards.  For vertical accuracy, this standard is met if at least 90 percent of well-defined points tested are within one-half contour interval of the correct value.  Elevations of water surface printed on the published map meet this standard; the contour intervals of the maps vary.  These elevations were transcribed into the digital data; the accuracy of this transcription was checked by visual comparison between the data and the map.
This statement is generally true for the most common sources of NHD data.  Other sources and methods may have been used to create or update NHD data.  In some cases, additional information may be found in the NHDMetadata table.</vertaccr></vertacc></posacc><lineage><procstep><procdesc>The processes used to create and maintain high-resolution NHD data can be found in the table called "NHDMetadata".  Because NHD data can be downloaded using several user-defined areas, the process descriptions can vary for each download.  The NHDMetadata table contains a list of all the process descriptions that apply to a particular download.   These process descriptions are linked using the DuuID to the NHDFeatureToMetadata table which contains the com_ids of all the features within the download. In addition, another table, the NHDSourceCitation, can also be linked through the DuuID to determine the sources used to create or update NHD data.</procdesc><procdate>Unknown</procdate></procstep><procstep><procdesc Sync="TRUE">Dataset copied.</procdesc><srcused Sync="TRUE">\\F880\oracle_export\GDBExtractServer\Template\NHD_Template_High.mdb</srcused><date Sync="TRUE">20071130</date><time Sync="TRUE">14444000</time></procstep><procstep><procdesc Sync="TRUE">Metadata imported.</procdesc><srcused Sync="TRUE">D:\Workspace\v107\Metadata\nhdflowline.xml</srcused><procdate Sync="TRUE">20100421</procdate><proctime Sync="TRUE">16520900</proctime></procstep><procstep><procdesc Sync="TRUE">Dataset copied.</procdesc><srcused Sync="TRUE">\\IGSKBTHIWS531\D\ExtractTest\oracle_export\GDBExtractServer\Template\NHD_File_Template_High_92v200.gdb</srcused><procdate Sync="TRUE">20100520</procdate><proctime Sync="TRUE">16121900</proctime></procstep><procstep><procdesc Sync="TRUE">Dataset copied.</procdesc><srcused Sync="TRUE">\\igskbthisusy01\nhdgeo\oracle_export\GDBExtractServer\Template\NHD_Template_High_92v210.mdb</srcused><procdate Sync="TRUE">20120221</procdate><proctime Sync="TRUE">13582500</proctime></procstep></lineage></dataqual></metadata>
