Survey,Imagery
2016-09-23,2016-09-22
2017-03-16,2017-03-13
2017-06-09,2017-06-09
2017-09-19,2017-09-21
2017-09-19,2017-09-23
2017-12-08,2017-12-04
2017-12-08,2017-12-07
2017-12-08,2017-12-09
2018-03-23,2018-03-17
2018-03-23,2018-03-31
2018-06-05,2018-06-02
2018-06-05,2018-06-04
2018-06-05,2018-06-08
2018-06-05,2018-06-09
2018-09-08,2018-09-06
2018-09-08,2018-09-07
2018-09-08,2018-09-09
2018-09-08,2018-09-10
2018-09-08,2018-09-11
2018-09-08,2018-09-12
2018-12-17,2018-12-17
2019-03-26,2019-03-26
2019-06-07,2019-06-07
2019-09-13,2019-09-20
2019-12-13,2019-12-13
2020-03-24,2020-03-24
2020-06-12,2020-06-12
2020-09-17,2020-09-17
2020-12-18,2020-12-13
2020-12-18,2020-12-14
2020-12-18,2020-12-15
2020-12-18,2020-12-16
2020-12-18,2020-12-19
2020-12-18,2020-12-20
2021-03-19,2021-03-19
2021-06-09,2021-06-09
2021-09-10,2021-09-10
2021-12-13,2021-12-13
2022-03-18,2022-03-18
2022-06-03,2022-05-29
2022-06-03,2022-05-30
2022-06-03,2022-05-31
2022-06-03,2022-06-01
2022-06-03,2022-06-02
2022-06-03,2022-06-04
2022-06-03,2022-06-07
2022-06-03,2022-06-08
2022-09-08,2022-09-05
2022-09-08,2022-09-06
2022-09-08,2022-09-07
2022-09-08,2022-09-11
2022-12-15,2022-12-10
2022-12-15,2022-12-11
2022-12-15,2022-12-17
2022-12-15,2022-12-19
2023-03-10,2023-03-10
2023-06-08,2023-06-08
