<?xml version="1.0" encoding="UTF-8"?>
<metadata xml:lang="en"><Esri><CreaDate>20230131</CreaDate><CreaTime>09411300</CreaTime><ArcGISFormat>1.0</ArcGISFormat><SyncOnce>FALSE</SyncOnce><DataProperties><lineage><Process ToolSource="c:\program files\arcgis\pro\Resources\ArcToolbox\toolboxes\Data Management Tools.tbx\CreateFeatureclass" Date="20191031" Time="132058">CreateFeatureclass \\PAG-FILES\Data\Programs\Environmental\Water\CIENEGA\walkthru\CienegaWalkthrough_Template\CienegaWalkthrough_Template.gdb DavidsonCreek_Pools_YYYYMMDD Point # No Yes "GEOGCS['GCS_WGS_1984',DATUM['D_WGS_1984',SPHEROID['WGS_1984',6378137.0,298.257223563]],PRIMEM['Greenwich',0.0],UNIT['Degree',0.0174532925199433]];-400 -400 1000000000;-100000 10000;-100000 10000;8.98315284119521E-09;0.001;0.001;IsHighPrecision" # 0 0 0 #</Process><Process ToolSource="c:\program files\arcgis\pro\Resources\ArcToolbox\toolboxes\Data Management Tools.tbx\UpdateSchema" Date="20191031" Time="132557">UpdateSchema "CIMDATA=&lt;CIMStandardDataConnection xsi:type='typens:CIMStandardDataConnection' xmlns:xsi='http://www.w3.org/2001/XMLSchema-instance' xmlns:xs='http://www.w3.org/2001/XMLSchema' xmlns:typens='http://www.esri.com/schemas/ArcGIS/2.4.0'&gt;&lt;WorkspaceConnectionString&gt;DATABASE=\\PAG-FILES\Data\Programs\Environmental\Water\CIENEGA\walkthru\CienegaWalkthrough_Template\CienegaWalkthrough_Template.gdb&lt;/WorkspaceConnectionString&gt;&lt;WorkspaceFactory&gt;FileGDB&lt;/WorkspaceFactory&gt;&lt;Dataset&gt;DavidsonCreek_Pools_YYYYMMDD&lt;/Dataset&gt;&lt;DatasetType&gt;esriDTFeatureClass&lt;/DatasetType&gt;&lt;/CIMStandardDataConnection&gt;" &lt;operationSequence&gt;&lt;workflow&gt;&lt;AddField&gt;&lt;field_name&gt;Type&lt;/field_name&gt;&lt;field_type&gt;TEXT&lt;/field_type&gt;&lt;field_length&gt;10&lt;/field_length&gt;&lt;field_alias&gt;Type&lt;/field_alias&gt;&lt;field_is_nullable&gt;True&lt;/field_is_nullable&gt;&lt;field_is_required&gt;False&lt;/field_is_required&gt;&lt;field_domain&gt;Type&lt;/field_domain&gt;&lt;/AddField&gt;&lt;/workflow&gt;&lt;workflow&gt;&lt;AddField&gt;&lt;field_name&gt;Width&lt;/field_name&gt;&lt;field_type&gt;DOUBLE&lt;/field_type&gt;&lt;field_alias&gt;Width&lt;/field_alias&gt;&lt;field_is_nullable&gt;True&lt;/field_is_nullable&gt;&lt;field_is_required&gt;False&lt;/field_is_required&gt;&lt;/AddField&gt;&lt;/workflow&gt;&lt;workflow&gt;&lt;AddField&gt;&lt;field_name&gt;Length&lt;/field_name&gt;&lt;field_type&gt;DOUBLE&lt;/field_type&gt;&lt;field_alias&gt;Length&lt;/field_alias&gt;&lt;field_is_nullable&gt;True&lt;/field_is_nullable&gt;&lt;field_is_required&gt;False&lt;/field_is_required&gt;&lt;/AddField&gt;&lt;/workflow&gt;&lt;workflow&gt;&lt;AddField&gt;&lt;field_name&gt;Depth&lt;/field_name&gt;&lt;field_type&gt;DOUBLE&lt;/field_type&gt;&lt;field_alias&gt;Depth&lt;/field_alias&gt;&lt;field_is_nullable&gt;True&lt;/field_is_nullable&gt;&lt;field_is_required&gt;False&lt;/field_is_required&gt;&lt;/AddField&gt;&lt;/workflow&gt;&lt;workflow&gt;&lt;AddField&gt;&lt;field_name&gt;Frogs&lt;/field_name&gt;&lt;field_type&gt;TEXT&lt;/field_type&gt;&lt;field_length&gt;10&lt;/field_length&gt;&lt;field_alias&gt;Frogs&lt;/field_alias&gt;&lt;field_is_nullable&gt;True&lt;/field_is_nullable&gt;&lt;field_is_required&gt;False&lt;/field_is_required&gt;&lt;field_domain&gt;PresenceAbsence&lt;/field_domain&gt;&lt;/AddField&gt;&lt;/workflow&gt;&lt;workflow&gt;&lt;AddField&gt;&lt;field_name&gt;Fish&lt;/field_name&gt;&lt;field_type&gt;TEXT&lt;/field_type&gt;&lt;field_length&gt;10&lt;/field_length&gt;&lt;field_alias&gt;Fish&lt;/field_alias&gt;&lt;field_is_nullable&gt;True&lt;/field_is_nullable&gt;&lt;field_is_required&gt;False&lt;/field_is_required&gt;&lt;field_domain&gt;PresenceAbsence&lt;/field_domain&gt;&lt;/AddField&gt;&lt;/workflow&gt;&lt;workflow&gt;&lt;AddField&gt;&lt;field_name&gt;Notes&lt;/field_name&gt;&lt;field_type&gt;TEXT&lt;/field_type&gt;&lt;field_length&gt;255&lt;/field_length&gt;&lt;field_alias&gt;Notes&lt;/field_alias&gt;&lt;field_is_nullable&gt;True&lt;/field_is_nullable&gt;&lt;field_is_required&gt;False&lt;/field_is_required&gt;&lt;/AddField&gt;&lt;/workflow&gt;&lt;/operationSequence&gt;</Process><Process ToolSource="c:\program files\arcgis\pro\Resources\ArcToolbox\toolboxes\Conversion Tools.tbx\FeatureClassToFeatureClass" Date="20191031" Time="133600">FeatureClassToFeatureClass DavidsonCreek_Pools_YYYYMMDD \\PAG-FILES\Data\Programs\Environmental\Water\CIENEGA\walkthru\CienegaWalkthrough_Template\CienegaWalkthrough_Template.gdb CienegaCreek_AllObservations_YYYYMMDD # "Type "Type" true true false 10 Text 0 0,First,#,DavidsonCreek_Pools_YYYYMMDD,Type,0,10;Width "Width" true true false 8 Double 0 0,First,#,DavidsonCreek_Pools_YYYYMMDD,Width,-1,-1;Length "Length" true true false 8 Double 0 0,First,#,DavidsonCreek_Pools_YYYYMMDD,Length,-1,-1;Depth "Depth" true true false 8 Double 0 0,First,#,DavidsonCreek_Pools_YYYYMMDD,Depth,-1,-1;Frogs "Frogs" true true false 10 Text 0 0,First,#,DavidsonCreek_Pools_YYYYMMDD,Frogs,0,10;Fish "Fish" true true false 10 Text 0 0,First,#,DavidsonCreek_Pools_YYYYMMDD,Fish,0,10;Notes "Notes" true true false 255 Text 0 0,First,#,DavidsonCreek_Pools_YYYYMMDD,Notes,0,255" #</Process><Process ToolSource="c:\program files\arcgis\pro\Resources\ArcToolbox\Toolboxes\Data Management Tools.tbx\UpdateSchema" Date="20200107" Time="102819">UpdateSchema "CIMDATA=&lt;CIMStandardDataConnection xsi:type='typens:CIMStandardDataConnection' xmlns:xsi='http://www.w3.org/2001/XMLSchema-instance' xmlns:xs='http://www.w3.org/2001/XMLSchema' xmlns:typens='http://www.esri.com/schemas/ArcGIS/2.4.0'&gt;&lt;WorkspaceConnectionString&gt;DATABASE=\\PAG-FILES\Data\Programs\Environmental\Water\CIENEGA\walkthru\CienegaWalkthrough_Template\CienegaWalkthrough_Template.gdb&lt;/WorkspaceConnectionString&gt;&lt;WorkspaceFactory&gt;FileGDB&lt;/WorkspaceFactory&gt;&lt;Dataset&gt;CienegaCreek_AllObservations_YYYYMMDD&lt;/Dataset&gt;&lt;DatasetType&gt;esriDTFeatureClass&lt;/DatasetType&gt;&lt;/CIMStandardDataConnection&gt;" "&lt;operationSequence&gt;&lt;workflow&gt;&lt;AddField&gt;&lt;field_name&gt;ObsID&lt;/field_name&gt;&lt;field_type&gt;SHORT&lt;/field_type&gt;&lt;field_alias&gt;Observation ID&lt;/field_alias&gt;&lt;field_is_nullable&gt;True&lt;/field_is_nullable&gt;&lt;field_is_required&gt;False&lt;/field_is_required&gt;&lt;/AddField&gt;&lt;/workflow&gt;&lt;/operationSequence&gt;"</Process><Process ToolSource="c:\program files\arcgis\pro\Resources\ArcToolbox\Toolboxes\Data Management Tools.tbx\Rename" Date="20200107" Time="103127">Rename \\PAG-FILES\Data\Programs\Environmental\Water\CIENEGA\walkthru\CienegaWalkthrough_Template\CienegaWalkthrough_Template.gdb\CienegaCreek_AllObservations_YYYYMMDD \\PAG-FILES\Data\Programs\Environmental\Water\CIENEGA\walkthru\CienegaWalkthrough_Template\CienegaWalkthrough_Template.gdb\CienegaCreek_AllObservations_YYYYMMDD_old FeatureClass</Process><Process ToolSource="c:\program files\arcgis\pro\Resources\ArcToolbox\toolboxes\Conversion Tools.tbx\FeatureClassToFeatureClass" Date="20200107" Time="103202">FeatureClassToFeatureClass CienegaCreek_AllObservations_YYYYMMDD \\PAG-FILES\Data\Programs\Environmental\Water\CIENEGA\walkthru\CienegaWalkthrough_Template\CienegaWalkthrough_Template.gdb CienegaCreek_AllObservations_YYYYMMDD # "ObsID "Observation ID" true true false 2 Short 0 0,First,#,CienegaCreek_AllObservations_YYYYMMDD,ObsID,-1,-1;Type "Type" true true false 10 Text 0 0,First,#,CienegaCreek_AllObservations_YYYYMMDD,Type,0,10;Width "Width" true true false 8 Double 0 0,First,#,CienegaCreek_AllObservations_YYYYMMDD,Width,-1,-1;Length "Length" true true false 8 Double 0 0,First,#,CienegaCreek_AllObservations_YYYYMMDD,Length,-1,-1;Depth "Depth" true true false 8 Double 0 0,First,#,CienegaCreek_AllObservations_YYYYMMDD,Depth,-1,-1;Frogs "Frogs" true true false 10 Text 0 0,First,#,CienegaCreek_AllObservations_YYYYMMDD,Frogs,0,10;Fish "Fish" true true false 10 Text 0 0,First,#,CienegaCreek_AllObservations_YYYYMMDD,Fish,0,10;Notes "Notes" true true false 255 Text 0 0,First,#,CienegaCreek_AllObservations_YYYYMMDD,Notes,0,255" #</Process><Process ToolSource="c:\program files\arcgis\pro\Resources\ArcToolbox\Toolboxes\Data Management Tools.tbx\CopyMultiple" Date="20210222" Time="143453">CopyMultiple "P:\Environmental\Water\CIENEGA\walkthru\2020-12\CienegaWalkthrough_Template.gdb\CienegaCreek_AllObservations_YYYYMMDD FeatureClass" P:\Environmental\Water\CIENEGA\walkthru\2020-12\CienegaWalkthrough_202012.gdb CienegaCreek_AllObservations_YYYYMMDD "CienegaCreek_AllObservations_YYYYMMDD FeatureClass CienegaCreek_AllObservations_YYYYMMDD #"</Process><Process ToolSource="c:\program files\arcgis\pro\Resources\ArcToolbox\Toolboxes\Data Management Tools.tbx\Rename" Date="20210222" Time="143504">Rename P:\Environmental\Water\CIENEGA\walkthru\2020-12\CienegaWalkthrough_202012.gdb\CienegaCreek_AllObservations_YYYYMMDD P:\Environmental\Water\CIENEGA\walkthru\2020-12\CienegaWalkthrough_202012.gdb\CienegaCreek_AllObservations_20201218 FeatureClass</Process><Process ToolSource="c:\program files\arcgis\pro\Resources\ArcToolbox\toolboxes\Data Management Tools.tbx\CopyMultiple" Date="20210414" Time="122654">CopyMultiple "P:\Environmental\Water\CIENEGA\walkthru\2020-12\CienegaWalkthrough_202012.gdb\CienegaCreek_AllObservations_20201218 FeatureClass;P:\Environmental\Water\CIENEGA\walkthru\2020-12\CienegaWalkthrough_202012.gdb\DavidsonCreek_AllObservations_202012 FeatureClass" P:\Environmental\Water\CIENEGA\walkthru\CienegaWalkthrough_Template\CienegaWalkthrough_Template.gdb CienegaCreek_AllObservations_20201218;DavidsonCreek_AllObservations_202012 "CienegaCreek_AllObservations_20201218 FeatureClass CienegaCreek_AllObservations_20201218 #;DavidsonCreek_AllObservations_202012 FeatureClass DavidsonCreek_AllObservations_202012 #"</Process><Process ToolSource="c:\program files\arcgis\pro\Resources\ArcToolbox\toolboxes\Data Management Tools.tbx\Rename" Date="20210414" Time="122707">Rename P:\Environmental\Water\CIENEGA\walkthru\CienegaWalkthrough_Template\CienegaWalkthrough_Template.gdb\CienegaCreek_AllObservations_20201218 P:\Environmental\Water\CIENEGA\walkthru\CienegaWalkthrough_Template\CienegaWalkthrough_Template.gdb\CienegaCreek_AllObservations_YYYYMMDD FeatureClass</Process><Process ToolSource="c:\program files (x86)\arcgis\desktop10.7\ArcToolbox\Toolboxes\Conversion Tools.tbx\FeatureClassToFeatureClass" Date="20230131" Time="091507">FeatureClassToFeatureClass \\Tumamoc\Programs\Environmental\Water\CIENEGA\walkthru\2022-09\CienegaWalkthrough_Template.gdb\ccallobservations0922 \\Tumamoc\Programs\Environmental\Water\CIENEGA\walkthru\2022-09\Processed ccallobservations0922.shp # "ObsID "Observation ID" true true false 2 Short 0 0 ,First,#,\\Tumamoc\Programs\Environmental\Water\CIENEGA\walkthru\2022-09\CienegaWalkthrough_Template.gdb\ccallobservations0922,ObsID,-1,-1;Type "Type" true true false 10 Text 0 0 ,First,#,\\Tumamoc\Programs\Environmental\Water\CIENEGA\walkthru\2022-09\CienegaWalkthrough_Template.gdb\ccallobservations0922,Type,-1,-1;Width "Width" true true false 8 Double 0 0 ,First,#,\\Tumamoc\Programs\Environmental\Water\CIENEGA\walkthru\2022-09\CienegaWalkthrough_Template.gdb\ccallobservations0922,Width,-1,-1;Length "Length" true true false 8 Double 0 0 ,First,#,\\Tumamoc\Programs\Environmental\Water\CIENEGA\walkthru\2022-09\CienegaWalkthrough_Template.gdb\ccallobservations0922,Length,-1,-1;Depth "Depth" true true false 8 Double 0 0 ,First,#,\\Tumamoc\Programs\Environmental\Water\CIENEGA\walkthru\2022-09\CienegaWalkthrough_Template.gdb\ccallobservations0922,Depth,-1,-1;Frogs "Frogs" true true false 10 Text 0 0 ,First,#,\\Tumamoc\Programs\Environmental\Water\CIENEGA\walkthru\2022-09\CienegaWalkthrough_Template.gdb\ccallobservations0922,Frogs,-1,-1;Fish "Fish" true true false 10 Text 0 0 ,First,#,\\Tumamoc\Programs\Environmental\Water\CIENEGA\walkthru\2022-09\CienegaWalkthrough_Template.gdb\ccallobservations0922,Fish,-1,-1;Notes "Notes" true true false 255 Text 0 0 ,First,#,\\Tumamoc\Programs\Environmental\Water\CIENEGA\walkthru\2022-09\CienegaWalkthrough_Template.gdb\ccallobservations0922,Notes,-1,-1" #</Process></lineage><itemProps><itemName Sync="TRUE">ccallobservations0922</itemName><imsContentType Sync="TRUE">002</imsContentType><itemLocation><linkage Sync="TRUE">file://\\Tumamoc\Programs\Environmental\Water\CIENEGA\walkthru\2022-09\Processed\ccallobservations0922.shp</linkage><protocol Sync="TRUE">Local Area Network</protocol></itemLocation><itemSize Sync="TRUE">0.000</itemSize></itemProps><coordRef><type Sync="TRUE">Geographic</type><geogcsn Sync="TRUE">GCS_WGS_1984</geogcsn><csUnits Sync="TRUE">Angular Unit: Degree (0.017453)</csUnits><peXml Sync="TRUE">&lt;GeographicCoordinateSystem xsi:type='typens:GeographicCoordinateSystem' xmlns:xsi='http://www.w3.org/2001/XMLSchema-instance' xmlns:xs='http://www.w3.org/2001/XMLSchema' xmlns:typens='http://www.esri.com/schemas/ArcGIS/10.7'&gt;&lt;WKT&gt;GEOGCS[&amp;quot;GCS_WGS_1984&amp;quot;,DATUM[&amp;quot;D_WGS_1984&amp;quot;,SPHEROID[&amp;quot;WGS_1984&amp;quot;,6378137.0,298.257223563]],PRIMEM[&amp;quot;Greenwich&amp;quot;,0.0],UNIT[&amp;quot;Degree&amp;quot;,0.0174532925199433],AUTHORITY[&amp;quot;EPSG&amp;quot;,4326]]&lt;/WKT&gt;&lt;XOrigin&gt;-400&lt;/XOrigin&gt;&lt;YOrigin&gt;-400&lt;/YOrigin&gt;&lt;XYScale&gt;11258999068426.238&lt;/XYScale&gt;&lt;ZOrigin&gt;-100000&lt;/ZOrigin&gt;&lt;ZScale&gt;10000&lt;/ZScale&gt;&lt;MOrigin&gt;-100000&lt;/MOrigin&gt;&lt;MScale&gt;10000&lt;/MScale&gt;&lt;XYTolerance&gt;8.983152841195215e-09&lt;/XYTolerance&gt;&lt;ZTolerance&gt;0.001&lt;/ZTolerance&gt;&lt;MTolerance&gt;0.001&lt;/MTolerance&gt;&lt;HighPrecision&gt;true&lt;/HighPrecision&gt;&lt;LeftLongitude&gt;-180&lt;/LeftLongitude&gt;&lt;WKID&gt;4326&lt;/WKID&gt;&lt;LatestWKID&gt;4326&lt;/LatestWKID&gt;&lt;/GeographicCoordinateSystem&gt;</peXml></coordRef></DataProperties><SyncDate>20230131</SyncDate><SyncTime>09150000</SyncTime><ModDate>20230131</ModDate><ModTime>09150000</ModTime></Esri><dataIdInfo><envirDesc Sync="TRUE"> Version 6.2 (Build 9200) ; Esri ArcGIS 10.7.1.11595</envirDesc><dataLang><languageCode value="eng" Sync="TRUE"></languageCode><countryCode value="USA" Sync="TRUE"></countryCode></dataLang><idCitation><resTitle Sync="TRUE">ccallobservations0922</resTitle><presForm><PresFormCd value="005" Sync="TRUE"></PresFormCd></presForm></idCitation><spatRpType><SpatRepTypCd value="001" Sync="TRUE"></SpatRepTypCd></spatRpType></dataIdInfo><mdLang><languageCode value="eng" Sync="TRUE"></languageCode><countryCode value="USA" Sync="TRUE"></countryCode></mdLang><distInfo><distFormat><formatName Sync="TRUE">Shapefile</formatName></distFormat><distTranOps><transSize Sync="TRUE">0.000</transSize></distTranOps></distInfo><mdHrLv><ScopeCd value="005" Sync="TRUE"></ScopeCd></mdHrLv><mdHrLvName Sync="TRUE">dataset</mdHrLvName><refSysInfo><RefSystem><refSysID><identCode code="4326" Sync="TRUE"></identCode><idCodeSpace Sync="TRUE">EPSG</idCodeSpace><idVersion Sync="TRUE">6.14(3.0.1)</idVersion></refSysID></RefSystem></refSysInfo><spatRepInfo><VectSpatRep><geometObjs Name="ccallobservations0922"><geoObjTyp><GeoObjTypCd value="004" Sync="TRUE"></GeoObjTypCd></geoObjTyp><geoObjCnt Sync="TRUE">0</geoObjCnt></geometObjs><topLvl><TopoLevCd value="001" Sync="TRUE"></TopoLevCd></topLvl></VectSpatRep></spatRepInfo><spdoinfo><ptvctinf><esriterm Name="ccallobservations0922"><efeatyp Sync="TRUE">Simple</efeatyp><efeageom code="1" Sync="TRUE"></efeageom><esritopo Sync="TRUE">FALSE</esritopo><efeacnt Sync="TRUE">0</efeacnt><spindex Sync="TRUE">FALSE</spindex><linrefer Sync="TRUE">TRUE</linrefer></esriterm></ptvctinf></spdoinfo><eainfo><detailed Name="ccallobservations0922"><enttyp><enttypl Sync="TRUE">ccallobservations0922</enttypl><enttypt Sync="TRUE">Feature Class</enttypt><enttypc Sync="TRUE">0</enttypc></enttyp><attr><attrlabl Sync="TRUE">FID</attrlabl><attalias Sync="TRUE">FID</attalias><attrtype Sync="TRUE">OID</attrtype><attwidth Sync="TRUE">4</attwidth><atprecis Sync="TRUE">0</atprecis><attscale Sync="TRUE">0</attscale><attrdef Sync="TRUE">Internal feature number.</attrdef><attrdefs Sync="TRUE">Esri</attrdefs><attrdomv><udom Sync="TRUE">Sequential unique whole numbers that are automatically generated.</udom></attrdomv></attr><attr><attrlabl Sync="TRUE">Shape</attrlabl><attalias Sync="TRUE">Shape</attalias><attrtype Sync="TRUE">Geometry</attrtype><attwidth Sync="TRUE">0</attwidth><atprecis Sync="TRUE">0</atprecis><attscale Sync="TRUE">0</attscale><attrdef Sync="TRUE">Feature geometry.</attrdef><attrdefs Sync="TRUE">Esri</attrdefs><attrdomv><udom Sync="TRUE">Coordinates defining the features.</udom></attrdomv></attr><attr><attrlabl Sync="TRUE">ObsID</attrlabl><attalias Sync="TRUE">ObsID</attalias><attrtype Sync="TRUE">Integer</attrtype><attwidth Sync="TRUE">5</attwidth><atprecis Sync="TRUE">5</atprecis><attscale Sync="TRUE">0</attscale></attr><attr><attrlabl Sync="TRUE">Type</attrlabl><attalias Sync="TRUE">Type</attalias><attrtype Sync="TRUE">String</attrtype><attwidth Sync="TRUE">10</attwidth><atprecis Sync="TRUE">0</atprecis><attscale Sync="TRUE">0</attscale></attr><attr><attrlabl Sync="TRUE">Width</attrlabl><attalias Sync="TRUE">Width</attalias><attrtype Sync="TRUE">Double</attrtype><attwidth Sync="TRUE">19</attwidth><atprecis Sync="TRUE">0</atprecis><attscale Sync="TRUE">0</attscale></attr><attr><attrlabl Sync="TRUE">Length</attrlabl><attalias Sync="TRUE">Length</attalias><attrtype Sync="TRUE">Double</attrtype><attwidth Sync="TRUE">19</attwidth><atprecis Sync="TRUE">0</atprecis><attscale Sync="TRUE">0</attscale></attr><attr><attrlabl Sync="TRUE">Depth</attrlabl><attalias Sync="TRUE">Depth</attalias><attrtype Sync="TRUE">Double</attrtype><attwidth Sync="TRUE">19</attwidth><atprecis Sync="TRUE">0</atprecis><attscale Sync="TRUE">0</attscale></attr><attr><attrlabl Sync="TRUE">Frogs</attrlabl><attalias Sync="TRUE">Frogs</attalias><attrtype Sync="TRUE">String</attrtype><attwidth Sync="TRUE">10</attwidth><atprecis Sync="TRUE">0</atprecis><attscale Sync="TRUE">0</attscale></attr><attr><attrlabl Sync="TRUE">Fish</attrlabl><attalias Sync="TRUE">Fish</attalias><attrtype Sync="TRUE">String</attrtype><attwidth Sync="TRUE">10</attwidth><atprecis Sync="TRUE">0</atprecis><attscale Sync="TRUE">0</attscale></attr><attr><attrlabl Sync="TRUE">Notes</attrlabl><attalias Sync="TRUE">Notes</attalias><attrtype Sync="TRUE">String</attrtype><attwidth Sync="TRUE">254</attwidth><atprecis Sync="TRUE">0</atprecis><attscale Sync="TRUE">0</attscale></attr></detailed></eainfo><mdDateSt Sync="TRUE">20230131</mdDateSt></metadata>
